"","country","system","abandoned","captured","damaged","destroyed","total","Date"
"1","Russia","(Unknown) truck",2,11,8,155,176,"09/26/2024"
"2","Russia","1 122mm howitzer M1938 (M-30)",0,0,1,0,1,"09/26/2024"
"3","Russia","1 130mm M-46 field gun",0,0,0,1,1,"09/26/2024"
"4","Russia","1 1RL239 Ark-1(M) counter-battery radar",0,0,0,1,1,"09/26/2024"
"5","Russia","1 1V1003 command and observation vehicle (for 1V198 artillery fire control system)",0,1,0,0,1,"09/26/2024"
"6","Russia","1 1V12(M) 'Mashina-S'/'Faltset' fire control system",0,0,0,1,1,"09/26/2024"
"7","Russia","1 1V16 battalion fire direction vehicle",0,1,0,0,1,"09/26/2024"
"8","Russia","1 2F77M transloading vehicle for 2K22M Tunguska-M",0,1,1,0,2,"09/26/2024"
"9","Russia","1 50P6E TEL (for S-350)",0,0,1,0,1,"09/26/2024"
"10","Russia","1 55Zh6U Nebo-U air surveillance radar",0,0,1,0,1,"09/26/2024"
"11","Russia","1 9A331MU TLAR for 9K331MU Tor-M1-2U (Tor-M2U)",0,0,0,1,1,"09/26/2024"
"12","Russia","1 9A85-2 transloader (for S-300V4)",0,0,0,1,1,"09/26/2024"
"13","Russia","1 9K132 Shturm-SM",0,0,0,1,1,"09/26/2024"
"14","Russia","1 9K334 Gibka-S",0,0,0,1,1,"09/26/2024"
"15","Russia","1 9S19M2 (for S-300V)",0,0,1,0,1,"09/26/2024"
"16","Russia","1 9S470M1 command vehicle for Buk-M1",0,0,0,1,1,"09/26/2024"
"17","Russia","1 APA-80 engine starting vehicle",0,0,0,1,1,"09/26/2024"
"18","Russia","1 AShT-4310 topographic command and staff vehicle",0,0,0,1,1,"09/26/2024"
"19","Russia","1 BTM-3 trench digger",0,0,0,1,1,"09/26/2024"
"20","Russia","1 BTR-60PB",0,0,1,0,1,"09/26/2024"
"21","Russia","1 BTR-60PU-12command vehicle",0,1,0,0,1,"09/26/2024"
"22","Russia","1 BTR-80 with 57mm UB-32 unguided aircraft rocket pods",0,0,1,0,1,"09/26/2024"
"23","Russia","1 BTR-80-based ZS-88 PsyOps vehicle",0,0,0,1,1,"09/26/2024"
"24","Russia","1 Beriev Be-200 amphibious flying boat",0,0,1,0,1,"09/26/2024"
"25","Russia","1 Command post (for 'Torn(-MDM)' signals intelligence system)",0,1,0,0,1,"09/26/2024"
"26","Russia","1 Command vehicle for Podlet-K1 low-altitude S-band surveillance radar",0,0,0,1,1,"09/26/2024"
"27","Russia","1 ED2x30-T400-3RA mobile generator",0,0,1,0,1,"09/26/2024"
"28","Russia","1 Eleron T-16",0,1,0,0,1,"09/26/2024"
"29","Russia","1 Eleron-3SV",0,0,0,1,1,"09/26/2024"
"30","Russia","1 Forpost-RU",0,0,0,1,1,"09/26/2024"
"31","Russia","1 GAZ-51",0,1,0,0,1,"09/26/2024"
"32","Russia","1 Granat-3",0,0,0,1,1,"09/26/2024"
"33","Russia","1 Grifon-12",0,1,0,0,1,"09/26/2024"
"34","Russia","1 I-613M mobile power supply station",0,0,0,1,1,"09/26/2024"
"35","Russia","1 IMR-1 combat engineering vehicle",0,0,0,1,1,"09/26/2024"
"36","Russia","1 Ka-29 naval attack helicopter",0,0,0,1,1,"09/26/2024"
"37","Russia","1 KamAZ 8x8 tanker",0,0,0,1,1,"09/26/2024"
"38","Russia","1 KamAZ-4385",0,0,0,1,1,"09/26/2024"
"39","Russia","1 KamAZ-63501 with KS-55729-7M 32-ton crane",0,0,0,1,1,"09/26/2024"
"40","Russia","1 KamAZ-65117",0,0,0,1,1,"09/26/2024"
"41","Russia","1 KrAZ-260",0,0,0,1,1,"09/26/2024"
"42","Russia","1 KrAZ-260 KT-L recovery vehicle",0,0,0,1,1,"09/26/2024"
"43","Russia","1 Lancet loitering munition launcher and control station",0,0,0,1,1,"09/26/2024"
"44","Russia","1 Launcher for S-300 or S-400",0,0,1,0,1,"09/26/2024"
"45","Russia","1 MT-LB with 14.5mm 2M-7 naval gun mount",0,1,0,0,1,"09/26/2024"
"46","Russia","1 MT-LB with 25mm 2M-3 naval gun",0,0,0,1,1,"09/26/2024"
"47","Russia","1 MT-LBVMK with ZU-23 AA gun",0,0,0,1,1,"09/26/2024"
"48","Russia","1 MT-LBu with 100mm MT-12 anti-tank gun",0,0,0,1,1,"09/26/2024"
"49","Russia","1 MT-LBu with 57mm S-60",0,0,0,1,1,"09/26/2024"
"50","Russia","1 MTO-UB2 maintenance vehicle",0,0,0,1,1,"09/26/2024"
"51","Russia","1 Mobile generator for Podlet-K1 low-altitude S-band surveillance radar",0,0,0,1,1,"09/26/2024"
"52","Russia","1 Orlan-10 UAV control station",0,0,0,1,1,"09/26/2024"
"53","Russia","1 P-18T surveillance radar",0,0,0,1,1,"09/26/2024"
"54","Russia","1 P-240 digital communications vehicle",0,0,0,1,1,"09/26/2024"
"55","Russia","1 P-260 Redut-2US communication system",0,0,0,1,1,"09/26/2024"
"56","Russia","1 PAK-200(M) mobile field kitchen based on Ural-4320",0,0,0,1,1,"09/26/2024"
"57","Russia","1 PRP-4A Argus artillery reconnaissance vehicle",0,1,0,0,1,"09/26/2024"
"58","Russia","1 Plastun-SN",0,0,0,1,1,"09/26/2024"
"59","Russia","1 Predel coastal defence radar",0,0,0,1,1,"09/26/2024"
"60","Russia","1 Project 1176 Ondatra-class landing craft",0,0,1,0,1,"09/26/2024"
"61","Russia","1 Project 12411 Tarantul-III-class corvette",0,0,0,1,1,"09/26/2024"
"62","Russia","1 Project 18280 'Yuri Ivanov' class reconnaissance ship",0,0,1,0,1,"09/26/2024"
"63","Russia","1 Project 22160 large patrol boat",0,0,0,1,1,"09/26/2024"
"64","Russia","1 Project 266M Natya-class minesweeper",0,0,1,0,1,"09/26/2024"
"65","Russia","1 R-145BMA command vehicle",0,1,0,1,2,"09/26/2024"
"66","Russia","1 R-161 signals vehicle",0,0,0,1,1,"09/26/2024"
"67","Russia","1 R-325BMV jamming station",0,0,0,1,1,"09/26/2024"
"68","Russia","1 R-330M1P Diabazol",0,0,0,1,1,"09/26/2024"
"69","Russia","1 R-412A 'Torf' tropospheric communication station",0,0,0,1,1,"09/26/2024"
"70","Russia","1 R-416GM radio relay station",0,0,1,0,1,"09/26/2024"
"71","Russia","1 R-441 SatCom station",0,0,0,1,1,"09/26/2024"
"72","Russia","1 RB-109A Bylina EW system",0,0,0,1,1,"09/26/2024"
"73","Russia","1 RIDA 'Buran ASV'",0,1,0,0,1,"09/26/2024"
"74","Russia","1 RKhM-4 CBRN reconnaissance vehicle",0,0,0,1,1,"09/26/2024"
"75","Russia","1 RP-377LA Lorandit",0,0,0,1,1,"09/26/2024"
"76","Russia","1 SA-14RM/SM encryption command post based on KamAZ 6x6",0,1,0,0,1,"09/26/2024"
"77","Russia","1 Sapfir anti-drone system",0,0,0,1,1,"09/26/2024"
"78","Russia","1 Sobolyatnik 1L277 portable ground reconnaissance radar",0,0,0,1,1,"09/26/2024"
"79","Russia","1 Stenka-class patrol boat",0,0,1,0,1,"09/26/2024"
"80","Russia","1 Su-34M strike aircraft",0,0,0,1,1,"09/26/2024"
"81","Russia","1 Su-57 Stealth multirole fighter",0,0,1,0,1,"09/26/2024"
"82","Russia","1 Support vehicle (for 'Torn(-MDM)' signals intelligence system)",0,1,0,0,1,"09/26/2024"
"83","Russia","1 T-43 class training vessel",0,0,0,1,1,"09/26/2024"
"84","Russia","1 T-54B",0,0,0,1,1,"09/26/2024"
"85","Russia","1 T-72 hull with RBU-6000 MRLS",0,0,0,1,1,"09/26/2024"
"86","Russia","1 T-90AK",0,1,0,0,1,"09/26/2024"
"87","Russia","1 TZM 9T234-2 transporter-loader (for BM-30 Smerch)",0,0,0,1,1,"09/26/2024"
"88","Russia","1 Tu-95MS strategic bomber",0,0,1,0,1,"09/26/2024"
"89","Russia","1 UAZ-31514",0,1,0,0,1,"09/26/2024"
"90","Russia","1 UAZ-3153",0,0,0,1,1,"09/26/2024"
"91","Russia","1 UAZ-469RKh(B) CBRN reconnaissance and decontamination vehicle",0,0,0,1,1,"09/26/2024"
"92","Russia","1 UAZ-515195 'Esaul'",0,0,0,1,1,"09/26/2024"
"93","Russia","1 Unknown BMP-3 or BMD-4M",0,0,0,1,1,"09/26/2024"
"94","Russia","1 Unknown UAV control station",0,0,0,1,1,"09/26/2024"
"95","Russia","1 Unknown artillery command vehicle based on MT-LBu",0,1,0,0,1,"09/26/2024"
"96","Russia","1 Unknown command vehicle on GAZ Tigr chassis",0,0,0,1,1,"09/26/2024"
"97","Russia","1 Ural-375D tanker",0,1,0,0,1,"09/26/2024"
"98","Russia","1 Ural-375D with 8T210 crane",0,1,0,0,1,"09/26/2024"
"99","Russia","1 Ural-4320 with RBU-6000 MRLS",0,0,0,1,1,"09/26/2024"
"100","Russia","1 Ural-43206 with 23mm ZU-23-2",0,0,0,1,1,"09/26/2024"
"101","Russia","1 Ural-532301 with armoured cabin",0,0,0,1,1,"09/26/2024"
"102","Russia","1 Ural-63501-AT",0,0,0,1,1,"09/26/2024"
"103","Russia","1 Uran-6 mine-clearing robotic system",0,0,0,1,1,"09/26/2024"
"104","Russia","1 ZALA Z-20",0,0,0,1,1,"09/26/2024"
"105","Russia","1 ZSA-<U+0422> Armoured Ambulance",0,0,1,0,1,"09/26/2024"
"106","Russia","1 ZiL-130",0,0,0,1,1,"09/26/2024"
"107","Russia","10 Su-24M/MR strike/tactical reconnaissance aircraft",0,0,3,4,7,"09/26/2024"
"108","Russia","10 T-90S",1,0,1,9,11,"09/26/2024"
"109","Russia","100 T-80U",9,40,6,44,99,"09/26/2024"
"110","Russia","1045 KamAZ 6x6",11,140,42,757,950,"09/26/2024"
"111","Russia","109 T-62M",7,34,16,57,114,"09/26/2024"
"112","Russia","109 T-72B Obr. 1989",13,20,15,71,119,"09/26/2024"
"113","Russia","11 K-53949 Typhoon-K",0,1,0,10,11,"09/26/2024"
"114","Russia","11 MP-1IM signals vehicle",0,3,0,8,11,"09/26/2024"
"115","Russia","11 REM-KL recovery vehicle",0,1,1,9,11,"09/26/2024"
"116","Russia","11 RKhM-6 Povozka CBRN reconnaissance vehicle",0,1,0,10,11,"09/26/2024"
"117","Russia","11 River link pontoon (for PP-2005 floating bridge system)",0,1,2,8,11,"09/26/2024"
"118","Russia","11 UAZ-3303",0,1,1,9,11,"09/26/2024"
"119","Russia","12 BMD-1KSh-A command vehicle",0,4,0,8,12,"09/26/2024"
"120","Russia","12 Su-30SM multirole aircraft",0,0,1,9,10,"09/26/2024"
"121","Russia","12 Ural-4320 with 23mm ZU-23-2",0,1,0,11,12,"09/26/2024"
"122","Russia","12 Ural-4320 with 57mm AZP S-60",0,0,1,11,12,"09/26/2024"
"123","Russia","120 UAZ-452 van",4,14,14,93,125,"09/26/2024"
"124","Russia","120mm 2S34 Khosta",0,2,0,2,4,"09/26/2024"
"125","Russia","121 152mm 2A65 Msta-B howitzer",1,33,18,62,114,"09/26/2024"
"126","Russia","122mm 2B26 Grad-K",0,0,1,4,5,"09/26/2024"
"127","Russia","122mm 2S1 Gvozdika",1,8,3,113,125,"09/26/2024"
"128","Russia","122mm 9P138 Grad-1",0,1,6,18,25,"09/26/2024"
"129","Russia","122mm D-30 howitzer",2,15,19,62,98,"09/26/2024"
"130","Russia","13 AS-4350 medical vehicle",0,3,0,10,13,"09/26/2024"
"131","Russia","13 BMP-1KSh command and staff vehicle",0,5,0,8,13,"09/26/2024"
"132","Russia","13 K-53949 Linza",0,4,2,8,14,"09/26/2024"
"133","Russia","132 T-80BVM",10,32,20,84,146,"09/26/2024"
"134","Russia","137 BMP-3 688A-sb6-2KP",20,1,18,109,148,"09/26/2024"
"135","Russia","1372 BMP-2(K)",102,221,119,920,1362,"09/26/2024"
"136","Russia","14 120mm 2B16 Nona-K gun mortar",2,8,2,3,15,"09/26/2024"
"137","Russia","14 2K22M1 Tunguska",3,1,3,7,14,"09/26/2024"
"138","Russia","14 BTR-70",0,1,1,12,14,"09/26/2024"
"139","Russia","14 River link pontoon (for unknown floating bridge system)",0,9,3,2,14,"09/26/2024"
"140","Russia","144 KamAZ 6x6 tanker",0,30,7,103,140,"09/26/2024"
"141","Russia","152mm 2A36 Giatsint-B field-gun",0,8,5,36,49,"09/26/2024"
"142","Russia","152mm 2S3(M) Akatsiya",2,30,7,128,167,"09/26/2024"
"143","Russia","152mm D-20 gun-howitzer",0,2,10,30,42,"09/26/2024"
"144","Russia","16 PTS-2 tracked amphibious transport",4,4,1,8,17,"09/26/2024"
"145","Russia","171 BTR-82AT",11,15,13,139,178,"09/26/2024"
"146","Russia","18 BMP-2D",0,5,0,13,18,"09/26/2024"
"147","Russia","18 GAZ-3308",2,2,0,13,17,"09/26/2024"
"148","Russia","182 Ural-43206",3,33,9,130,175,"09/26/2024"
"149","Russia","183 Ural-4320 tanker",1,65,3,105,174,"09/26/2024"
"150","Russia","19 'Orlan-20' ''Kartograf''",0,3,1,16,20,"09/26/2024"
"151","Russia","19 122mm 2B17 Tornado-G",0,8,4,9,21,"09/26/2024"
"152","Russia","19 KamAZ 8x8 (for PP-2005 floating bridge system)",0,5,1,13,19,"09/26/2024"
"153","Russia","195 GAZ Tigr-M",0,32,10,149,191,"09/26/2024"
"154","Russia","1L261 (for 1L260 Zoopark-1M counter-battery radar complex)",0,2,4,6,12,"09/26/2024"
"155","Russia","1L262E Rtut-BM",0,0,0,1,1,"09/26/2024"
"156","Russia","1L271 Aistyonok portable mortar locating reconnaissance radar",0,1,0,2,3,"09/26/2024"
"157","Russia","1RL257 Krasukha-4 (command post)",0,1,0,0,1,"09/26/2024"
"158","Russia","1V119 artillery fire direction vehicle",0,8,0,4,12,"09/26/2024"
"159","Russia","1V13(M) battery fire control center",2,14,1,10,27,"09/26/2024"
"160","Russia","2 1L119 Nebo-SVU VHF multi-functional radar",0,0,1,1,2,"09/26/2024"
"161","Russia","2 1V110 BM-21 Grad battery command vehicle",0,2,0,1,3,"09/26/2024"
"162","Russia","2 1V15M fire control and observation vehicle",0,0,0,2,2,"09/26/2024"
"163","Russia","2 55K6A command post for S-400",0,0,0,2,2,"09/26/2024"
"164","Russia","2 57mm AZP S-60",0,0,0,2,2,"09/26/2024"
"165","Russia","2 5N63S <U+201C>Flap Lid B<U+201D> engagement and tracking radar of the S-300",0,0,0,2,2,"09/26/2024"
"166","Russia","2 96L6-TsP acquisition radar (for S-400/S-500)",0,0,0,2,2,"09/26/2024"
"167","Russia","2 9K331MDT TLAR Tor-M2DT",0,0,0,2,2,"09/26/2024"
"168","Russia","2 9S18 Kupol (for Buk-M1-2/M2)",0,0,0,2,2,"09/26/2024"
"169","Russia","2 9S32M1 (for S-300V)",0,0,2,0,2,"09/26/2024"
"170","Russia","2 AP-2 mobile emergency room based on KamAZ 6x6",0,2,0,0,2,"09/26/2024"
"171","Russia","2 APA-5D airfield starter vehicle",0,0,0,2,2,"09/26/2024"
"172","Russia","2 ATS-59G artillery tractor",0,0,0,2,2,"09/26/2024"
"173","Russia","2 BMK-MT towing and motor boat",0,0,0,2,2,"09/26/2024"
"174","Russia","2 BMM-80 ambulance",0,0,0,2,2,"09/26/2024"
"175","Russia","2 BMP-3 4S24 NKDZ",0,0,0,2,2,"09/26/2024"
"176","Russia","2 BRDM-2-based ZS-82 PsyOps vehicle",0,1,0,1,2,"09/26/2024"
"177","Russia","2 Beriev A-50",0,0,0,2,2,"09/26/2024"
"178","Russia","2 Coastal link pontoon (for PMP(-M) floating bridge system)",0,1,0,1,2,"09/26/2024"
"179","Russia","2 Early warning SHF radar Voronezh DM:",0,0,1,0,1,"09/26/2024"
"180","Russia","2 GAZ Sobol",1,0,0,1,2,"09/26/2024"
"181","Russia","2 GAZ-39371 'Vodnik'",0,2,0,0,2,"09/26/2024"
"182","Russia","2 KamAZ 'Gorets' 3958",0,1,1,1,3,"09/26/2024"
"183","Russia","2 KamAZ Patrol",0,0,0,2,2,"09/26/2024"
"184","Russia","2 KamAZ-53501 (for PMP-M floating bridge system)",0,0,0,2,2,"09/26/2024"
"185","Russia","2 Kuryer armed UGV",0,0,0,2,2,"09/26/2024"
"186","Russia","2 MAZ-5337 fuel tanker",0,1,1,1,3,"09/26/2024"
"187","Russia","2 MP-2IM signals vehicle",0,1,0,1,2,"09/26/2024"
"188","Russia","2 MPUS-K mobile command post",0,0,0,2,2,"09/26/2024"
"189","Russia","2 MSh-5350.1 command vehicle",0,1,0,1,2,"09/26/2024"
"190","Russia","2 MT-LB with AZP S-60 AA gun",0,0,0,2,2,"09/26/2024"
"191","Russia","2 MZA-M.1 battery charge and repair workshop",0,1,0,1,2,"09/26/2024"
"192","Russia","2 Mobile field bathhouse PPB-32VU based on the Ural-53236",0,1,0,1,2,"09/26/2024"
"193","Russia","2 PZM-2 trench-digging vehicle",0,1,0,1,2,"09/26/2024"
"194","Russia","2 Project 22800 Karakurt-class corvette",0,0,0,2,2,"09/26/2024"
"195","Russia","2 R-142NSA command and signals vehicle",0,0,0,2,2,"09/26/2024"
"196","Russia","2 R-145BM command vehicle",0,1,0,1,2,"09/26/2024"
"197","Russia","2 R-431AM antenna module for the Redut-2US communications system",0,0,0,2,2,"09/26/2024"
"198","Russia","2 R-439-MD2 SatCom Station",0,0,0,2,2,"09/26/2024"
"199","Russia","2 RB-636 Svet-KU EW system",0,1,1,0,2,"09/26/2024"
"200","Russia","2 RLK-MC-A (ROSC-1) counter-UAV system",0,0,0,2,2,"09/26/2024"
"201","Russia","2 SKAT 350",0,2,0,0,2,"09/26/2024"
"202","Russia","2 Su-27 strike aircraft",0,0,0,2,2,"09/26/2024"
"203","Russia","2 Supercam S150",0,1,0,1,2,"09/26/2024"
"204","Russia","2 T-54-3M",1,0,1,1,3,"09/26/2024"
"205","Russia","2 T-62 Obr. 1972",1,0,0,1,2,"09/26/2024"
"206","Russia","2 T-64BVK",0,0,0,2,2,"09/26/2024"
"207","Russia","2 Transitional link pontoon (for floating unified railway bridge-ribbon MLZh-VF-VT)",0,1,0,1,2,"09/26/2024"
"208","Russia","2 UAZ-3151",0,0,0,2,2,"09/26/2024"
"209","Russia","2 ZALA 421-16<U+0415>M",0,2,0,0,2,"09/26/2024"
"210","Russia","2 ZiL-131 UMZ mine laying vehicle",0,0,0,2,2,"09/26/2024"
"211","Russia","20 1V14 battery command and forward observer vehicle",1,12,1,7,21,"09/26/2024"
"212","Russia","20 23mm ZU-23-2",0,15,1,5,21,"09/26/2024"
"213","Russia","20 KamAZ 8x8",0,5,0,11,16,"09/26/2024"
"214","Russia","20 UAZ-39094",0,1,1,19,21,"09/26/2024"
"215","Russia","21 82mm 2B9 Vasilek automatic gun mortar",0,7,2,13,22,"09/26/2024"
"216","Russia","21 KamAZ Avtozaks",1,4,0,15,20,"09/26/2024"
"217","Russia","210 MT-LBVM and MT-LBVMK",10,92,5,106,213,"09/26/2024"
"218","Russia","215 Unknown BMP-1/2",21,0,16,179,216,"09/26/2024"
"219","Russia","218 152mm 2S19 Msta-S",5,33,14,156,208,"09/26/2024"
"220","Russia","22 T-72AV",2,4,3,16,25,"09/26/2024"
"221","Russia","220mm BM-27 Uragan",0,8,3,62,73,"09/26/2024"
"222","Russia","220mm TOS-1A",0,3,8,21,32,"09/26/2024"
"223","Russia","23 BMP-1 675-sb3KDZ",3,0,3,20,26,"09/26/2024"
"224","Russia","23 R-149AKSh-1 command and signals vehicle",0,1,2,19,22,"09/26/2024"
"225","Russia","230 BTR-80",18,55,13,150,236,"09/26/2024"
"226","Russia","240mm 2S4 Tyulpan",0,0,3,50,53,"09/26/2024"
"227","Russia","245 122mm BM-21 Grad",3,34,20,164,221,"09/26/2024"
"228","Russia","25 EOV-3521 excavator",1,1,3,21,26,"09/26/2024"
"229","Russia","26 River link pontoon (for PP/91-2005 floating bridge system)",0,9,1,16,26,"09/26/2024"
"230","Russia","26 TMM-3 bridge layer",1,14,4,11,30,"09/26/2024"
"231","Russia","27 203mm 2S7(M) Pion/Malka",0,1,4,22,27,"09/26/2024"
"232","Russia","27 Pantsir-S1",1,2,3,22,28,"09/26/2024"
"233","Russia","2S1 with ZU-23 AA gun",0,1,0,0,1,"09/26/2024"
"234","Russia","3 5P85SD/SM (launcher for S-300 PMU(-1))",0,0,0,2,2,"09/26/2024"
"235","Russia","3 92N6A engagement radar (for S-400)",0,0,1,2,3,"09/26/2024"
"236","Russia","3 ARS-14 decontamination and degassing vehicle",0,2,0,1,3,"09/26/2024"
"237","Russia","3 AS-4350.1 medical vehicle",0,0,0,3,3,"09/26/2024"
"238","Russia","3 Auriga-1.2V portable satellite communications station",0,1,0,2,3,"09/26/2024"
"239","Russia","3 BAZ-69092 (for S-400)",0,0,1,2,3,"09/26/2024"
"240","Russia","3 BMK-MO towing and motor boat",0,2,2,0,4,"09/26/2024"
"241","Russia","3 BMPT Terminator",0,0,2,1,3,"09/26/2024"
"242","Russia","3 BREM-D armoured recovery vehicle",0,2,0,1,3,"09/26/2024"
"243","Russia","3 Coastal link pontoon (for PP-2005 floating bridge system)",0,1,0,2,3,"09/26/2024"
"244","Russia","3 Coastal link pontoon (for unknown floating bridge system)",0,2,1,0,3,"09/26/2024"
"245","Russia","3 Eleron-10",0,2,0,1,3,"09/26/2024"
"246","Russia","3 Il-22 airborne command post",0,0,2,1,3,"09/26/2024"
"247","Russia","3 KamAZ 6x4",0,1,0,2,3,"09/26/2024"
"248","Russia","3 Leer-3 electronic warfare system",0,2,0,1,3,"09/26/2024"
"249","Russia","3 MT-LB with 100mm MT-12 anti-tank gun",0,0,0,3,3,"09/26/2024"
"250","Russia","3 MTO-AG-3M mobile workshop",0,0,0,3,3,"09/26/2024"
"251","Russia","3 MTO-UB1 maintenance vehicle",0,2,0,1,3,"09/26/2024"
"252","Russia","3 MTP-A2 recovery vehicle",1,0,0,2,3,"09/26/2024"
"253","Russia","3 PAK-200(M) mobile field kitchen based on KamAZ 6x6",0,1,0,2,3,"09/26/2024"
"254","Russia","3 Palantin EW system",0,0,0,3,3,"09/26/2024"
"255","Russia","3 Project KS-701 'Tunets' coast guard patrol boat",0,0,0,3,3,"09/26/2024"
"256","Russia","3 R-149BMRg command and signals vehicle",0,1,0,2,3,"09/26/2024"
"257","Russia","3 R-419L1 communications station",0,0,0,3,3,"09/26/2024"
"258","Russia","3 River link pontoon (for floating unified railway bridge-ribbon MLZh-VF-VT)",0,0,0,3,3,"09/26/2024"
"259","Russia","3 T-55A",0,0,1,2,3,"09/26/2024"
"260","Russia","3 T-62 Obr. 1967",0,1,0,2,3,"09/26/2024"
"261","Russia","3 T-64A",0,0,1,2,3,"09/26/2024"
"262","Russia","3 T-72B3 Obr. 2014",0,1,0,1,2,"09/26/2024"
"263","Russia","3 TDA-3 mobile smoke generator",0,1,0,2,3,"09/26/2024"
"264","Russia","3 Unknown EW system",0,0,0,3,3,"09/26/2024"
"265","Russia","3 Unknown fighter jet",0,0,1,2,3,"09/26/2024"
"266","Russia","30 BRM-1(K) reconnaissance vehicle",2,9,2,18,31,"09/26/2024"
"267","Russia","30 T-62MV",4,9,5,15,33,"09/26/2024"
"268","Russia","300mm BM-30 Smerch",0,0,0,2,2,"09/26/2024"
"269","Russia","31 9A310M1-2 TELAR (for Buk-M1-2)",0,0,5,26,31,"09/26/2024"
"270","Russia","31 T-72BA",0,16,3,13,32,"09/26/2024"
"271","Russia","31 Ural-63704-0010 Tornado-U",1,5,2,23,31,"09/26/2024"
"272","Russia","32 KamAZ with MM-501 armoured cabin",2,9,2,20,33,"09/26/2024"
"273","Russia","33 Su-25 close air support aircraft",0,0,3,30,33,"09/26/2024"
"274","Russia","35 100mm MT-12 anti-tank gun",0,8,3,22,33,"09/26/2024"
"275","Russia","35 KamAZ 4x4",1,4,1,29,35,"09/26/2024"
"276","Russia","37 9P149 Shturm-S",3,20,2,12,37,"09/26/2024"
"277","Russia","375 T-72B3",24,75,52,243,394,"09/26/2024"
"278","Russia","38 BMP-3 Obr. 2020",3,13,6,22,44,"09/26/2024"
"279","Russia","38 IMR-2(M) combat engineering vehicle",8,12,7,17,44,"09/26/2024"
"280","Russia","4 1K148 ""Yastreb-AV"" artillery reconnaissance complex",0,0,1,3,4,"09/26/2024"
"281","Russia","4 48Ya6-K1 Podlet-K1 low-altitude S-band surveillance radar",0,0,1,3,4,"09/26/2024"
"282","Russia","4 5I57(A) diesel power plant or 63T6A converter",0,0,0,4,4,"09/26/2024"
"283","Russia","4 BMO-T",0,1,0,3,4,"09/26/2024"
"284","Russia","4 BMP-1U 'Shkval'",1,0,2,2,5,"09/26/2024"
"285","Russia","4 BRDM-2RKhb chemical reconnaissance vehicle",0,2,0,2,4,"09/26/2024"
"286","Russia","4 Fara ground surveillance radar",0,3,0,1,4,"09/26/2024"
"287","Russia","4 ISDM Zemledeliye remote mine-laying system",0,0,0,4,4,"09/26/2024"
"288","Russia","4 Launcher for S-400",0,0,0,4,4,"09/26/2024"
"289","Russia","4 LuAZ-969",0,1,1,3,5,"09/26/2024"
"290","Russia","4 MRS-BT tank repair workshop",0,0,0,4,4,"09/26/2024"
"291","Russia","4 MTU-72 bridge layer",0,1,0,3,4,"09/26/2024"
"292","Russia","4 P-18-2 2D VHF surveillance radar",0,0,0,4,4,"09/26/2024"
"293","Russia","4 PRP-4(M) artillery reconnaissance vehicle",0,0,0,4,4,"09/26/2024"
"294","Russia","4 T-72 'Ural'",2,0,1,2,5,"09/26/2024"
"295","Russia","4 T-80B",0,0,0,4,4,"09/26/2024"
"296","Russia","4 T-80BVK",0,1,0,3,4,"09/26/2024"
"297","Russia","4 Tu-22M3 strategic bomber",0,0,1,3,4,"09/26/2024"
"298","Russia","4 Unknown BMP-1/2 675-sb3KDZ",1,0,0,3,4,"09/26/2024"
"299","Russia","4 Unknown IMV",0,0,0,4,4,"09/26/2024"
"300","Russia","4 Unknown MRLS",0,0,0,4,4,"09/26/2024"
"301","Russia","4 Unknown radar",0,0,1,2,3,"09/26/2024"
"302","Russia","4 Ural-4320 (for PMP floating bridge system)",1,1,0,2,4,"09/26/2024"
"303","Russia","4 Ural-5323",0,2,0,2,4,"09/26/2024"
"304","Russia","4 ZiL-131 tanker",0,1,0,3,4,"09/26/2024"
"305","Russia","40 R-149MA3 command and staff vehicle",0,22,4,17,43,"09/26/2024"
"306","Russia","40 River link pontoon (for PMP(-M) floating bridge system)",2,5,17,17,41,"09/26/2024"
"307","Russia","40 UAZ-469 jeep",1,13,4,24,42,"09/26/2024"
"308","Russia","431 Unknown tank",63,0,59,331,453,"09/26/2024"
"309","Russia","44 9T452 transporter-loader (for BM-27 Uragan MRL)",0,11,0,28,39,"09/26/2024"
"310","Russia","46 MT-LB with ZU-23 AA gun",0,11,1,34,46,"09/26/2024"
"311","Russia","46 T-72A",7,10,7,28,52,"09/26/2024"
"312","Russia","48 T-80BV Obr. 2022",4,0,4,44,52,"09/26/2024"
"313","Russia","5 1V18 'Klyon-1' artillery command and forward observer vehicle",0,0,0,5,5,"09/26/2024"
"314","Russia","5 BPM-97 Vystrel",0,3,0,2,5,"09/26/2024"
"315","Russia","5 BRDM-2",0,1,0,4,5,"09/26/2024"
"316","Russia","5 BTR-50",1,0,1,4,6,"09/26/2024"
"317","Russia","5 Feniks",0,4,0,1,5,"09/26/2024"
"318","Russia","5 MTO-AT mobile workshop",0,1,0,4,5,"09/26/2024"
"319","Russia","5 MTP-A2.1 recovery vehicle",0,2,0,3,5,"09/26/2024"
"320","Russia","5 Project 03160 Raptor-class patrol boat",0,0,2,3,5,"09/26/2024"
"321","Russia","5 UAZ-394511 <U+2018>Esaul<U+2019>",0,2,2,3,7,"09/26/2024"
"322","Russia","5 Ural-4320 DKZ",0,2,0,3,5,"09/26/2024"
"323","Russia","50 152mm 2S33 Msta-SM2",0,17,4,26,47,"09/26/2024"
"324","Russia","52 ZiL-131",0,8,3,43,54,"09/26/2024"
"325","Russia","55 (Unknown) vehicle",0,0,3,41,44,"09/26/2024"
"326","Russia","5P85SM2-01 (launcher for S-400)",0,0,0,10,10,"09/26/2024"
"327","Russia","5P85T2 (launcher for S-400)",0,0,0,1,1,"09/26/2024"
"328","Russia","6 1L259 (for Zoopark-1 counter-battery radar complex)",0,0,2,3,5,"09/26/2024"
"329","Russia","6 Coastal link pontoon (for floating unified railway bridge-ribbon MLZh-VF-VT)",0,4,0,2,6,"09/26/2024"
"330","Russia","6 KamAZ 6x6 with 23mm ZU-23-2",0,2,0,4,6,"09/26/2024"
"331","Russia","6 Mi-8MTPR-1 electronic warfare helicopter",0,0,1,3,4,"09/26/2024"
"332","Russia","6 UAZ Patriot jeep",0,1,1,3,5,"09/26/2024"
"333","Russia","6 Unknown T-54/55",2,0,2,4,8,"09/26/2024"
"334","Russia","6 Unknown Tor TLAR",0,0,4,2,6,"09/26/2024"
"335","Russia","6 Ural-VV",0,1,0,5,6,"09/26/2024"
"336","Russia","69 120mm 2S9 Nona",0,5,3,59,67,"09/26/2024"
"337","Russia","69 Unknown BTR-80/BTR-82A",5,0,7,55,67,"09/26/2024"
"338","Russia","691 BTR-82A(M)",33,111,54,489,687,"09/26/2024"
"339","Russia","7 120mm 2S23 Nona-SVK",0,3,0,4,7,"09/26/2024"
"340","Russia","7 2F510 transport vehicle for 2S12 'Sani' mortar on Ural-43206 chassis",0,0,0,7,7,"09/26/2024"
"341","Russia","7 Granat-4",0,2,0,5,7,"09/26/2024"
"342","Russia","7 KamAZ 8x8 with armoured cabin",0,0,0,7,7,"09/26/2024"
"343","Russia","7 KamAZ low-loader",0,0,1,6,7,"09/26/2024"
"344","Russia","7 Su-35S multirole aircraft",0,0,0,7,7,"09/26/2024"
"345","Russia","7 Ural Avtozaks",0,1,0,6,7,"09/26/2024"
"346","Russia","75 152mm 2S5 Giatsint-S",0,5,8,59,72,"09/26/2024"
"347","Russia","8 BMP-1AM 675-sb3KDZ",0,0,0,8,8,"09/26/2024"
"348","Russia","8 BREM-L armoured recovery vehicle",2,0,2,5,9,"09/26/2024"
"349","Russia","8 KMV-10V boom crane truck",0,3,0,5,8,"09/26/2024"
"350","Russia","9 BMP-2M 675-sb3KDZ",1,0,1,8,10,"09/26/2024"
"351","Russia","9 EOV-4421 excavator",0,1,2,6,9,"09/26/2024"
"352","Russia","9 Eleron T28ME",0,4,0,5,9,"09/26/2024"
"353","Russia","9 KrAZ-255 (for PMP floating bridge system)",1,0,1,8,10,"09/26/2024"
"354","Russia","9 KrAZ-260 tanker",0,1,1,2,4,"09/26/2024"
"355","Russia","9 R-330BMV jamming station (for Borisoglebsk-2)",0,1,0,8,9,"09/26/2024"
"356","Russia","9 R-934B 'Sinitsa' automated jamming station",0,0,2,7,9,"09/26/2024"
"357","Russia","9 T-62MV Obr. 2022",4,0,5,4,13,"09/26/2024"
"358","Russia","92 T-64BV",6,4,15,70,95,"09/26/2024"
"359","Russia","98 ZALA Z-16 (421-16<U+0415>)",1,17,0,80,98,"09/26/2024"
"360","Russia","9A316 TEL (for Buk-M2)",0,3,0,6,9,"09/26/2024"
"361","Russia","9A317 TELAR (for Buk-M2)",0,1,2,13,16,"09/26/2024"
"362","Russia","9A317M TELAR (for Buk-M3)",0,0,1,6,7,"09/26/2024"
"363","Russia","9A330 TLAR (for 9K330 Tor)",0,7,5,2,14,"09/26/2024"
"364","Russia","9A331 TLAR (for 9K331 Tor-M1)",1,1,1,8,11,"09/26/2024"
"365","Russia","9A331M TLAR (for 9K332 Tor-M2)",1,2,15,12,30,"09/26/2024"
"366","Russia","9A39M1-2 TEL (for Buk-M1-2)",0,0,2,8,10,"09/26/2024"
"367","Russia","9A83M2 TELAR (for S-300V4)",0,0,0,4,4,"09/26/2024"
"368","Russia","9A84-2 TEL (for S-300V4)",0,0,0,2,2,"09/26/2024"
"369","Russia","9K33 Osa",1,4,5,17,27,"09/26/2024"
"370","Russia","9K35 Strela-10",2,4,3,39,48,"09/26/2024"
"371","Russia","9P148 Konkurs",0,0,0,4,4,"09/26/2024"
"372","Russia","9P163M-1 Kornet-T",0,0,0,2,2,"09/26/2024"
"373","Russia","9S18<U+041C>1(-2) (for Buk-M2)",0,1,0,0,1,"09/26/2024"
"374","Russia","9S18<U+041C>1(-3) (for Buk-M3)",0,0,0,1,1,"09/26/2024"
"375","Russia","9S36 (for Buk-M2)",0,1,0,3,4,"09/26/2024"
"376","Russia","9S36M (for Buk-M3)",0,0,0,3,3,"09/26/2024"
"377","Russia","9S470M1 (or variant thereof) command post (for Buk-M1/2)",0,1,0,1,2,"09/26/2024"
"378","Russia","9S932-2 intelligence, control and command vehicle (for Barnaul-T)",0,1,0,0,1,"09/26/2024"
"379","Russia","9T217 transloader (for 9K33 Osa)",0,2,0,3,5,"09/26/2024"
"380","Russia","9T244 transloader (for 9A330/1 Tor)",0,2,2,3,7,"09/26/2024"
"381","Russia","AMN-590951",2,3,5,20,30,"09/26/2024"
"382","Russia","APE-5 command post",0,0,0,6,6,"09/26/2024"
"383","Russia","An-26 transport aircraft",0,0,0,1,1,"09/26/2024"
"384","Russia","BAT-2 heavy engineering vehicle",1,3,4,3,11,"09/26/2024"
"385","Russia","BMD-2",14,54,16,210,294,"09/26/2024"
"386","Russia","BMD-4M",3,11,10,99,123,"09/26/2024"
"387","Russia","BMK-130M/BMK-150 towing and motor boat",0,1,0,0,1,"09/26/2024"
"388","Russia","BMK-460 towing and motor boat",6,0,0,2,8,"09/26/2024"
"389","Russia","BMP-1(P)",82,94,93,570,839,"09/26/2024"
"390","Russia","BMP-1AM",5,9,9,32,55,"09/26/2024"
"391","Russia","BMP-2 675-sb3KDZ",26,2,27,171,226,"09/26/2024"
"392","Russia","BMP-2M Berezhok",4,8,6,26,44,"09/26/2024"
"393","Russia","BMP-3",30,53,44,260,387,"09/26/2024"
"394","Russia","BRDM-2M/A",0,0,0,4,4,"09/26/2024"
"395","Russia","BREM-1 armoured recovery vehicle",17,16,9,46,88,"09/26/2024"
"396","Russia","BREM-2 armoured recovery vehicle",0,1,0,1,2,"09/26/2024"
"397","Russia","BREM-Ch ''BREM-4'' armoured recovery vehicle",0,1,0,2,3,"09/26/2024"
"398","Russia","BREM-K armoured recovery vehicle",0,3,0,1,4,"09/26/2024"
"399","Russia","BRM-1K Obr. 2021",0,1,0,1,2,"09/26/2024"
"400","Russia","BTR-50 with BPU-1 turret",2,0,1,2,5,"09/26/2024"
"401","Russia","BTR-70M",0,1,0,8,9,"09/26/2024"
"402","Russia","BTR-D",6,22,4,57,89,"09/26/2024"
"403","Russia","BTR-MDM Rakushka",2,8,4,30,44,"09/26/2024"
"404","Russia","BTR-ZD Skrezhet",0,1,0,2,3,"09/26/2024"
"405","Russia","BTS-4A armoured recovery vehicle",3,1,5,6,15,"09/26/2024"
"406","Russia","Barnaul-T 9<U+0421>932-1 automated system for air defence units",0,4,0,3,7,"09/26/2024"
"407","Russia","EOV-3523 excavator",0,3,0,19,22,"09/26/2024"
"408","Russia","Eleron-3",0,24,0,11,35,"09/26/2024"
"409","Russia","Forpost",0,0,0,5,5,"09/26/2024"
"410","Russia","GAZ Tigr",1,7,0,7,15,"09/26/2024"
"411","Russia","GAZ-3344-20 'Aleut' articulated tracked carrier",0,0,0,3,3,"09/26/2024"
"412","Russia","GAZ-66",0,13,0,49,62,"09/26/2024"
"413","Russia","GMZ-3 minelayer",0,3,0,3,6,"09/26/2024"
"414","Russia","IMR-3M combat engineering vehicle",0,1,1,1,3,"09/26/2024"
"415","Russia","Il-76 transport aircraft",0,0,2,2,4,"09/26/2024"
"416","Russia","Iveco LMV Rys",1,5,7,25,38,"09/26/2024"
"417","Russia","Ka-52 Alligator attack helicopter",2,1,8,41,52,"09/26/2024"
"418","Russia","KamAZ-435029 Patrol-A",0,0,1,2,3,"09/26/2024"
"419","Russia","KamAZ-5350 with KS-45719-7M crane",0,2,1,5,8,"09/26/2024"
"420","Russia","KamAZ-5350 with armoured cabin",0,5,2,10,17,"09/26/2024"
"421","Russia","KamAZ-6350 8x8 artillery tractor",0,0,2,14,16,"09/26/2024"
"422","Russia","KamAZ-63968 Typhoon",1,6,4,19,30,"09/26/2024"
"423","Russia","Korsar",0,0,0,1,1,"09/26/2024"
"424","Russia","KrAZ-255B",0,1,1,4,6,"09/26/2024"
"425","Russia","KrAZ-255B tanker",0,1,1,8,10,"09/26/2024"
"426","Russia","Lastochka-M",0,1,0,0,1,"09/26/2024"
"427","Russia","Leer-2 electronic warfare system",0,0,1,5,6,"09/26/2024"
"428","Russia","MAZ 531605 tanker",0,0,0,4,4,"09/26/2024"
"429","Russia","MAZ TZ-500 tanker",0,0,0,3,3,"09/26/2024"
"430","Russia","MDK-3 trench-digging vehicle",0,1,1,1,3,"09/26/2024"
"431","Russia","MT-LB",69,137,52,722,980,"09/26/2024"
"432","Russia","MT-LB With 14.5mm BPU-1 Turret",0,0,0,4,4,"09/26/2024"
"433","Russia","MT-LB with 140mm Ogon-18 MRLS",0,0,1,1,2,"09/26/2024"
"434","Russia","MT-LB with 82-mm automatic mortar 2B9 Vasilek",0,0,1,1,2,"09/26/2024"
"435","Russia","MT-LBM 6MB",1,3,3,9,16,"09/26/2024"
"436","Russia","MT-LBu",1,3,0,13,17,"09/26/2024"
"437","Russia","Merlin-VR",0,2,0,2,4,"09/26/2024"
"438","Russia","Mi-24P attack helicopter",0,0,0,4,4,"09/26/2024"
"439","Russia","Mi-24V/P/35M attack helicopter",0,0,2,2,4,"09/26/2024"
"440","Russia","Mi-28 attack helicopter",0,0,2,10,12,"09/26/2024"
"441","Russia","Mi-35M attack helicopter",0,0,1,9,10,"09/26/2024"
"442","Russia","Mi-8 transport helicopter",1,1,5,23,30,"09/26/2024"
"443","Russia","MiG-31BM fighter aircraft",0,0,0,3,3,"09/26/2024"
"444","Russia","Mohajer-6",0,0,1,2,3,"09/26/2024"
"445","Russia","Orion",0,0,0,6,6,"09/26/2024"
"446","Russia","Orlan-10",0,78,0,111,189,"09/26/2024"
"447","Russia","Orlan-10 UCAV",0,2,0,1,3,"09/26/2024"
"448","Russia","Orlan-10 jamming UAV",0,3,0,2,5,"09/26/2024"
"449","Russia","Orlan-30",0,6,0,9,15,"09/26/2024"
"450","Russia","P-230T command vehicle",0,0,0,3,3,"09/26/2024"
"451","Russia","P-260-U signals vehicle (for Redut-2US signal and communications system)",0,1,0,1,2,"09/26/2024"
"452","Russia","PPRU-1(M) '9S80(-1)' 'Sborka' (for 9K35 Strela-10)",0,1,0,1,2,"09/26/2024"
"453","Russia","Project 02510 BK-16E high-speed assault boat",0,0,0,1,1,"09/26/2024"
"454","Russia","Project 1164 Slava-class guided missile cruiser",0,0,0,1,1,"09/26/2024"
"455","Russia","Project 1171 Tapir-class landing ship",0,0,0,1,1,"09/26/2024"
"456","Russia","Project 11770 Serna-class landing craft",0,0,1,1,2,"09/26/2024"
"457","Russia","Project 22870 rescue tug",0,0,0,1,1,"09/26/2024"
"458","Russia","Project 636.3 Improved Kilo-class submarine",0,0,1,0,1,"09/26/2024"
"459","Russia","Project 640 small patrol boat",0,0,0,1,1,"09/26/2024"
"460","Russia","Project 775 Ropucha-class landing ship",0,0,1,2,3,"09/26/2024"
"461","Russia","R-145BM1 command vehicle",0,1,0,7,8,"09/26/2024"
"462","Russia","R-149MA1 command and staff vehicle",2,29,5,51,87,"09/26/2024"
"463","Russia","R-166-0.5 signals vehicle",0,6,0,18,24,"09/26/2024"
"464","Russia","R-330BMV and R-394BMV Borisoglebsk-2B",0,1,2,4,7,"09/26/2024"
"465","Russia","R-330ZH Zhitel",0,0,4,17,21,"09/26/2024"
"466","Russia","R-381T2M radio monitoring station from a modernised R-381TM Taran-M automatic signals intelligence complex",0,1,0,4,5,"09/26/2024"
"467","Russia","R-934UM",0,0,0,1,1,"09/26/2024"
"468","Russia","RB-636AM2 Svet-KU EW system",0,0,1,2,3,"09/26/2024"
"469","Russia","Remdiesel Z-STS Akhmat",2,1,4,11,18,"09/26/2024"
"470","Russia","Repeynik portable counter-UAS radar",0,0,0,1,1,"09/26/2024"
"471","Russia","SNAR-10M1 battlefield surveillance radar",0,1,2,1,4,"09/26/2024"
"472","Russia","Silok-01 counter-UAV system",0,1,1,3,5,"09/26/2024"
"473","Russia","Strizh-3 counter-UAV system",0,0,0,1,1,"09/26/2024"
"474","Russia","Su-24M strike aircraft",0,0,0,3,3,"09/26/2024"
"475","Russia","Su-24MR tactical reconnaissance aircraft",0,0,0,1,1,"09/26/2024"
"476","Russia","Su-34 strike aircraft",0,0,3,28,31,"09/26/2024"
"477","Russia","Supercam S350",0,13,0,37,50,"09/26/2024"
"478","Russia","T-62M Obr. 2022",3,0,3,16,22,"09/26/2024"
"479","Russia","T-72B",27,66,24,240,357,"09/26/2024"
"480","Russia","T-72B Obr. 2022",31,1,26,86,144,"09/26/2024"
"481","Russia","T-72B3 Obr. 2016",11,104,22,152,289,"09/26/2024"
"482","Russia","T-72B3 Obr. 2022",8,3,10,49,70,"09/26/2024"
"483","Russia","T-80BV",68,71,79,422,640,"09/26/2024"
"484","Russia","T-80BVM Obr. 2022",6,5,7,24,42,"09/26/2024"
"485","Russia","T-80UE-1",0,4,0,3,7,"09/26/2024"
"486","Russia","T-80UK",1,1,0,1,3,"09/26/2024"
"487","Russia","T-80UM2",0,0,0,1,1,"09/26/2024"
"488","Russia","T-90A",5,10,3,27,45,"09/26/2024"
"489","Russia","T-90M",26,7,37,61,131,"09/26/2024"
"490","Russia","TZM-T reloader vehicle (for TOS-1A)",1,4,0,4,9,"09/26/2024"
"491","Russia","Takhion",0,5,0,2,7,"09/26/2024"
"492","Russia","UAZ-23632 pickup truck",0,3,0,7,10,"09/26/2024"
"493","Russia","UAZ-23632-148-64 armed pickup truck",0,0,0,8,8,"09/26/2024"
"494","Russia","UR-67 mine clearing charge on BTR-D APC",0,1,0,0,1,"09/26/2024"
"495","Russia","UR-77 'Meteorit' mine clearing vehicle",1,18,0,17,36,"09/26/2024"
"496","Russia","Unknown AFV",13,1,14,195,223,"09/26/2024"
"497","Russia","Unknown BTR-D/BMD-2",0,0,0,9,9,"09/26/2024"
"498","Russia","Unknown Buk M1-2/M2/M3 TEL(AR)",0,0,1,11,12,"09/26/2024"
"499","Russia","Unknown SPG",0,0,3,18,21,"09/26/2024"
"500","Russia","Unknown T-62",3,0,1,11,15,"09/26/2024"
"501","Russia","Unknown T-72",15,2,22,111,150,"09/26/2024"
"502","Russia","Unknown T-80",6,1,7,11,25,"09/26/2024"
"503","Russia","Unknown communications or EW station",0,0,0,3,3,"09/26/2024"
"504","Russia","Unknown communications station based on the KamAZ 6x6",0,0,0,5,5,"09/26/2024"
"505","Russia","Unknown fuel tanker",0,0,0,4,4,"09/26/2024"
"506","Russia","Unknown helicopter",0,0,0,3,3,"09/26/2024"
"507","Russia","Unknown towed artillery",0,0,2,11,13,"09/26/2024"
"508","Russia","Ural Federal",0,5,0,16,21,"09/26/2024"
"509","Russia","Ural-375D",0,0,0,1,1,"09/26/2024"
"510","Russia","Ural-4320",15,144,41,770,970,"09/26/2024"
"511","Russia","Ural-4320 KET-L recovery vehicle",0,2,0,1,3,"09/26/2024"
"512","Russia","Ural-4320 KT-L recovery vehicle",0,2,0,4,6,"09/26/2024"
"513","Russia","Ural-4320 with KS-3574M3 or KS-3574M crane",0,1,0,3,4,"09/26/2024"
"514","Russia","Ural-542301 tank transporter",0,0,0,1,1,"09/26/2024"
"515","Russia","Vityaz DT-10PM articulated tracked carrier",0,0,0,1,1,"09/26/2024"
"516","Russia","Vityaz DT-30 articulated tracked carrier",0,3,2,1,6,"09/26/2024"
"517","Russia","ZSU-23-4 Shilka",1,5,1,3,10,"09/26/2024"
"518","Ukraine","1 105mm OTO Melara Mod 56 pack howitzer",0,0,0,1,1,"09/26/2024"
"519","Ukraine","1 120mm 2B16 Nona-K gun mortar",0,0,0,1,1,"09/26/2024"
"520","Ukraine","1 122mm APR-40s",0,0,0,1,1,"09/26/2024"
"521","Ukraine","1 122mm Bastion-1",0,0,0,1,1,"09/26/2024"
"522","Ukraine","1 130mm M-46 field gun",0,0,1,0,1,"09/26/2024"
"523","Ukraine","1 155mm Archer Artillery Systems",0,0,1,0,1,"09/26/2024"
"524","Ukraine","1 155mm Panzerhaubitze 2000",0,0,1,0,1,"09/26/2024"
"525","Ukraine","1 1B44-1 (RPMK-1) radiosonde weather radar",0,0,0,1,1,"09/26/2024"
"526","Ukraine","1 1L220UK Zoopark-3 counter-battery radar",0,0,1,0,1,"09/26/2024"
"527","Ukraine","1 220mm Bureviy",0,0,0,1,1,"09/26/2024"
"528","Ukraine","1 23mm 23 ItK 61",0,1,0,0,1,"09/26/2024"
"529","Ukraine","1 40-Foot Defiant patrol boat",0,0,1,0,1,"09/26/2024"
"530","Ukraine","1 5P73 launcher (for S-125-2D 'Pechora-2D')",0,0,0,1,1,"09/26/2024"
"531","Ukraine","1 80K6M Mobile 3D Radar",0,0,0,1,1,"09/26/2024"
"532","Ukraine","1 80mm B-8 makeshift MRL",0,0,0,1,1,"09/26/2024"
"533","Ukraine","1 9A330 Tor TLAR (for 9K330 Tor)",0,0,1,0,1,"09/26/2024"
"534","Ukraine","1 AIM-132 ASRAAM based on Supacat HMT",0,0,0,1,1,"09/26/2024"
"535","Ukraine","1 AK-04-9A 'Porosha' airfield air conditioner based on KamAZ-5320",0,0,0,1,1,"09/26/2024"
"536","Ukraine","1 AN-MPQ-64 Sentinel radar",0,0,0,1,1,"09/26/2024"
"537","Ukraine","1 ARTHUR counter-battery radar",0,0,0,1,1,"09/26/2024"
"538","Ukraine","1 ATs-10-260 Fuel Tanker",0,0,0,1,1,"09/26/2024"
"539","Ukraine","1 AeroVironment Quantix Recon UAV",0,1,0,0,1,"09/26/2024"
"540","Ukraine","1 Ares",0,0,0,1,1,"09/26/2024"
"541","Ukraine","1 Avenger",0,0,0,1,1,"09/26/2024"
"542","Ukraine","1 BATT UMG",0,0,1,0,1,"09/26/2024"
"543","Ukraine","1 BMP-1U Shkval",0,1,0,0,1,"09/26/2024"
"544","Ukraine","1 BMPT Azovets",0,1,0,0,1,"09/26/2024"
"545","Ukraine","1 BMR-2 mine-clearing tank",1,0,0,0,1,"09/26/2024"
"546","Ukraine","1 BRDM-2T(A)",0,1,0,0,1,"09/26/2024"
"547","Ukraine","1 BTR-60D",0,0,0,1,1,"09/26/2024"
"548","Ukraine","1 BTR-ZD Skrezhet",0,1,0,1,2,"09/26/2024"
"549","Ukraine","1 Coyote tactical support vehicle",0,1,0,0,1,"09/26/2024"
"550","Ukraine","1 DAF Leyland 45.150",0,0,0,1,1,"09/26/2024"
"551","Ukraine","1 DAF YAD 4442 NT with Zastava M75 AA gun",0,0,0,1,1,"09/26/2024"
"552","Ukraine","1 DAF YAD 4442 NT with Zu-23-2 AA gun",0,0,0,1,1,"09/26/2024"
"553","Ukraine","1 Downgraded Mowag Eagle II",0,0,0,1,1,"09/26/2024"
"554","Ukraine","1 Elf",0,0,0,1,1,"09/26/2024"
"555","Ukraine","1 F-16 fighter aircraft",0,0,0,1,1,"09/26/2024"
"556","Ukraine","1 FV104 Samaritan",0,1,0,0,1,"09/26/2024"
"557","Ukraine","1 GAIA AMIR",0,0,1,0,1,"09/26/2024"
"558","Ukraine","1 GAZ-63",0,0,0,1,1,"09/26/2024"
"559","Ukraine","1 Hor",0,0,0,1,1,"09/26/2024"
"560","Ukraine","1 IRM 'Zhuk' engineer reconnaissance vehicle",0,1,0,0,1,"09/26/2024"
"561","Ukraine","1 Iveco Magirus 90-16 AW 4x4",0,0,0,1,1,"09/26/2024"
"562","Ukraine","1 Kolchuga-M' EW passive sensor",0,0,1,0,1,"09/26/2024"
"563","Ukraine","1 KrAZ-214",0,0,0,1,1,"09/26/2024"
"564","Ukraine","1 KrAZ-255B tanker",0,0,0,1,1,"09/26/2024"
"565","Ukraine","1 KrAZ-255B with KS-3575 crane",0,0,0,1,1,"09/26/2024"
"566","Ukraine","1 KrAZ-6322 Master mobile workshop",0,1,0,0,1,"09/26/2024"
"567","Ukraine","1 KrAZ-Forpost",0,0,0,1,1,"09/26/2024"
"568","Ukraine","1 LAV Super Bison",0,0,0,1,1,"09/26/2024"
"569","Ukraine","1 LC-79 APC-SH Fighter 2",0,0,0,1,1,"09/26/2024"
"570","Ukraine","1 Landing boat Project 1176",0,0,1,0,1,"09/26/2024"
"571","Ukraine","1 Landing ship Project 773",0,0,0,1,1,"09/26/2024"
"572","Ukraine","1 M58 MICLIC mine clearing system",0,0,0,1,1,"09/26/2024"
"573","Ukraine","1 M88A2 armoured recovery vehicle",1,0,1,0,2,"09/26/2024"
"574","Ukraine","1 MAN SX45 8x8 launcher (for IRIS-T SLM)",0,0,0,1,1,"09/26/2024"
"575","Ukraine","1 MAN TGS",0,0,0,1,1,"09/26/2024"
"576","Ukraine","1 MAZ-6317",0,0,0,1,1,"09/26/2024"
"577","Ukraine","1 MR-18 Mobile 3D Surveillance Radar",0,0,0,1,1,"09/26/2024"
"578","Ukraine","1 MT-LB with 85mm D-44 gun",0,0,0,1,1,"09/26/2024"
"579","Ukraine","1 MT-LB with BPU-1 turret",0,0,0,1,1,"09/26/2024"
"580","Ukraine","1 MT-T multi-purpose tracked transporter",0,0,1,0,1,"09/26/2024"
"581","Ukraine","1 Mi-8/17",0,0,0,1,1,"09/26/2024"
"582","Ukraine","1 Mobile field bathhouse based on MAZ-6317 chassis",0,1,0,0,1,"09/26/2024"
"583","Ukraine","1 Otokar Cobra II",0,0,0,1,1,"09/26/2024"
"584","Ukraine","1 P-37 'Mech' early warning radar",0,1,0,0,1,"09/26/2024"
"585","Ukraine","1 PRV-16ML height-finder radar",0,0,0,1,1,"09/26/2024"
"586","Ukraine","1 Plastun-RP3000 MTDFS",0,0,0,1,1,"09/26/2024"
"587","Ukraine","1 Polycar Bus Truck",0,0,0,1,1,"09/26/2024"
"588","Ukraine","1 Project 1258 Yevgenya-class minesweeper",0,0,0,1,1,"09/26/2024"
"589","Ukraine","1 Project 1390 Strizh-class boat",0,0,1,0,1,"09/26/2024"
"590","Ukraine","1 Project 1462 hydrographic boat",0,1,0,0,1,"09/26/2024"
"591","Ukraine","1 Project 58181 Centaur-class fast assault boat",0,0,0,1,1,"09/26/2024"
"592","Ukraine","1 Project T-63OZh Kostromich-class tug boat",0,0,0,1,1,"09/26/2024"
"593","Ukraine","1 Puma 6x6",0,0,0,1,1,"09/26/2024"
"594","Ukraine","1 Quantum Vector UAV",0,0,0,1,1,"09/26/2024"
"595","Ukraine","1 R-405M radio station vehicle",0,0,0,1,1,"09/26/2024"
"596","Ukraine","1 R-409A radio station vehicle",0,0,0,1,1,"09/26/2024"
"597","Ukraine","1 R-845 radio station",0,0,0,1,1,"09/26/2024"
"598","Ukraine","1 RMMV HX 4x4",0,0,0,1,1,"09/26/2024"
"599","Ukraine","1 Radio relay station for the TB2 UCAV",0,0,0,1,1,"09/26/2024"
"600","Ukraine","1 Renault TRM-2000",0,0,0,1,1,"09/26/2024"
"601","Ukraine","1 SkyGuard Aspide control station",0,0,0,1,1,"09/26/2024"
"602","Ukraine","1 Star-266 with ZU-23 AA gun",0,0,0,1,1,"09/26/2024"
"603","Ukraine","1 Su-24MR tactical reconnaissance aircraft",0,0,0,1,1,"09/26/2024"
"604","Ukraine","1 Sych",0,0,0,1,1,"09/26/2024"
"605","Ukraine","1 THeMIS UGV",0,0,0,1,1,"09/26/2024"
"606","Ukraine","1 TMM-3M1 bridge layer",0,1,0,0,1,"09/26/2024"
"607","Ukraine","1 TRML-4D multi-functional radar (for IRIS-T SLM)",0,0,1,0,1,"09/26/2024"
"608","Ukraine","1 UMP-350 engine heater",0,1,0,0,1,"09/26/2024"
"609","Ukraine","1 UMS-600 patrol boat (Sea Guard)",0,1,0,0,1,"09/26/2024"
"610","Ukraine","1 UR-77 Meteorit",0,0,0,1,1,"09/26/2024"
"611","Ukraine","1 Unknown MRLS",0,0,0,1,1,"09/26/2024"
"612","Ukraine","1 Unknown boat",0,0,1,0,1,"09/26/2024"
"613","Ukraine","1 Unknown excavator",0,0,0,1,1,"09/26/2024"
"614","Ukraine","1 Unknown fighter jet",0,0,0,1,1,"09/26/2024"
"615","Ukraine","1 Unknown radar",0,0,0,1,1,"09/26/2024"
"616","Ukraine","1 Unknown tanker",0,0,0,1,1,"09/26/2024"
"617","Ukraine","1 Unknown truck with Zu-23-2",0,0,0,1,1,"09/26/2024"
"618","Ukraine","1 Wisent 1 mine-clearing tank",0,0,0,1,1,"09/26/2024"
"619","Ukraine","1 ZiL-131 'VEPR'",0,1,0,0,1,"09/26/2024"
"620","Ukraine","1 ZiL-4331",0,1,0,0,1,"09/26/2024"
"621","Ukraine","10 Cougar H",1,1,1,8,11,"09/26/2024"
"622","Ukraine","10 M1165 HMMWV",0,1,1,8,10,"09/26/2024"
"623","Ukraine","10 Mara-2M",0,4,0,6,10,"09/26/2024"
"624","Ukraine","10 Ural-375D",0,7,0,3,10,"09/26/2024"
"625","Ukraine","100 Leleka-100",0,29,1,71,101,"09/26/2024"
"626","Ukraine","100mm BS-3 anti-tank gun",0,2,0,1,3,"09/26/2024"
"627","Ukraine","110 BTR-4",8,23,10,71,112,"09/26/2024"
"628","Ukraine","112 T-64BV Zr. 2017",9,26,11,68,114,"09/26/2024"
"629","Ukraine","118 BTR-80",1,28,3,78,110,"09/26/2024"
"630","Ukraine","12 203mm 2S7 Pion",0,2,6,5,13,"09/26/2024"
"631","Ukraine","120mm 2S9 Nona",0,0,0,5,5,"09/26/2024"
"632","Ukraine","120mm BTR-3M2",0,2,0,1,3,"09/26/2024"
"633","Ukraine","120mm Bars-8MMK",0,0,0,2,2,"09/26/2024"
"634","Ukraine","122mm BM-21 Grad",0,4,12,35,51,"09/26/2024"
"635","Ukraine","125 International M1224 MaxxPro",9,7,21,90,127,"09/26/2024"
"636","Ukraine","13 FMTV M1083A1P2",1,0,1,11,13,"09/26/2024"
"637","Ukraine","14 AT105A Saxon",0,8,0,6,14,"09/26/2024"
"638","Ukraine","14 KrAZ-255 (for PMP floating bridge system)",0,2,2,10,14,"09/26/2024"
"639","Ukraine","14 M1A1 SA Abrams",7,0,8,6,21,"09/26/2024"
"640","Ukraine","141 122mm 2S1 Gvozdika",0,12,16,110,138,"09/26/2024"
"641","Ukraine","146 GAZ-66",3,28,5,107,143,"09/26/2024"
"642","Ukraine","15 KrAZ-255B",0,3,1,11,15,"09/26/2024"
"643","Ukraine","150 M113",25,17,30,98,170,"09/26/2024"
"644","Ukraine","152mm 2A36 Giatsint-B field-gun",1,1,3,4,9,"09/26/2024"
"645","Ukraine","152mm 2A65 Msta-B howitzer",2,1,2,3,8,"09/26/2024"
"646","Ukraine","152mm 2S19 Msta-S",0,0,2,2,4,"09/26/2024"
"647","Ukraine","152mm 2S3 Akatsiya",0,4,8,36,48,"09/26/2024"
"648","Ukraine","152mm 2S5 Giatsint-S",0,2,0,1,3,"09/26/2024"
"649","Ukraine","152mm D-20 gun-howitzer",0,1,3,9,13,"09/26/2024"
"650","Ukraine","155mm AHS Krab",0,0,6,30,36,"09/26/2024"
"651","Ukraine","155mm AS-90",0,0,5,7,12,"09/26/2024"
"652","Ukraine","155mm Caesar 8x8",0,0,0,1,1,"09/26/2024"
"653","Ukraine","155mm FH-70 howitzer",0,0,3,3,6,"09/26/2024"
"654","Ukraine","155mm M777A2 howitzer",0,0,43,52,95,"09/26/2024"
"655","Ukraine","155mm TRF1 howitzer",0,0,0,1,1,"09/26/2024"
"656","Ukraine","16 122mm D-30 howitzer",0,2,3,11,16,"09/26/2024"
"657","Ukraine","16 Roshel Senator IMV",2,4,4,9,19,"09/26/2024"
"658","Ukraine","18 Su-24M strike aircraft",0,0,0,18,18,"09/26/2024"
"659","Ukraine","1L22 'Parol'",0,2,1,3,6,"09/26/2024"
"660","Ukraine","1V14 battery command and forward observer vehicle",0,1,0,7,8,"09/26/2024"
"661","Ukraine","1V15 battery command and forward observer vehicle",0,2,0,0,2,"09/26/2024"
"662","Ukraine","1V18 'Klyon-1' artillery command and forward observer vehicle",0,8,0,0,8,"09/26/2024"
"663","Ukraine","2 120mm Alakran",0,0,0,2,2,"09/26/2024"
"664","Ukraine","2 120mm BRM-1K with 2S9 Nona turret",0,0,0,2,2,"09/26/2024"
"665","Ukraine","2 120mm M120K 'Rak'",0,0,0,2,2,"09/26/2024"
"666","Ukraine","2 155mm 2S22 'Bohdana' 4.0",0,0,0,2,2,"09/26/2024"
"667","Ukraine","2 1V13 battery command and forward observer vehicle",0,0,0,2,2,"09/26/2024"
"668","Ukraine","2 1V16M artillery battalion command and staff vehicle",0,0,0,2,2,"09/26/2024"
"669","Ukraine","2 Bandvagn BvS 10",0,0,0,2,2,"09/26/2024"
"670","Ukraine","2 Bayraktar Mini",0,1,0,1,2,"09/26/2024"
"671","Ukraine","2 Chaklun",0,1,0,1,2,"09/26/2024"
"672","Ukraine","2 Control station for the TB2 UCAV",0,0,0,1,1,"09/26/2024"
"673","Ukraine","2 FLIRT Cetus",0,0,0,2,2,"09/26/2024"
"674","Ukraine","2 GAZ-3307",0,0,0,2,2,"09/26/2024"
"675","Ukraine","2 GAZ-3308",0,1,0,1,2,"09/26/2024"
"676","Ukraine","2 KrAZ-6322 with S-60",0,0,0,2,2,"09/26/2024"
"677","Ukraine","2 KrAZ-65055",0,0,0,2,2,"09/26/2024"
"678","Ukraine","2 Launcher for S-300",0,0,0,2,2,"09/26/2024"
"679","Ukraine","2 Leleka-LR",0,0,0,2,2,"09/26/2024"
"680","Ukraine","2 M1117",0,0,0,2,2,"09/26/2024"
"681","Ukraine","2 M1123 HMMWV",0,0,0,2,2,"09/26/2024"
"682","Ukraine","2 M1150 Assault Breacher",0,0,0,2,2,"09/26/2024"
"683","Ukraine","2 M901 launcher (for MIM-104 Patriot)",0,0,0,1,1,"09/26/2024"
"684","Ukraine","2 MAN HX81 tank transporter",1,0,1,1,3,"09/26/2024"
"685","Ukraine","2 NASAMS launcher",0,0,0,2,2,"09/26/2024"
"686","Ukraine","2 Orlik",0,1,0,1,2,"09/26/2024"
"687","Ukraine","2 PD-2",0,0,0,2,2,"09/26/2024"
"688","Ukraine","2 PRP-3 with a BMP-1 turret",0,0,0,2,2,"09/26/2024"
"689","Ukraine","2 Punisher",0,1,0,1,2,"09/26/2024"
"690","Ukraine","2 RADA ieMHR",0,0,0,2,2,"09/26/2024"
"691","Ukraine","2 RQ-35 Heidrun",0,0,0,2,2,"09/26/2024"
"692","Ukraine","2 Raybird-3",0,0,0,2,2,"09/26/2024"
"693","Ukraine","2 UAZ-31514",0,0,0,2,2,"09/26/2024"
"694","Ukraine","2 Unknown helicopter",0,0,0,2,2,"09/26/2024"
"695","Ukraine","2 Ural-4320 with Zu-23-2",0,0,0,2,2,"09/26/2024"
"696","Ukraine","2 ZiL-130 tanker",0,0,0,2,2,"09/26/2024"
"697","Ukraine","20 Su-25 close air support aircraft",0,0,2,18,20,"09/26/2024"
"698","Ukraine","21 Unknown HMMWV variant",0,1,1,19,21,"09/26/2024"
"699","Ukraine","220mm BM-27 Uragan",0,4,0,3,7,"09/26/2024"
"700","Ukraine","230 BMP-2(K)",12,28,12,178,230,"09/26/2024"
"701","Ukraine","23mm ZU-23",0,3,0,0,3,"09/26/2024"
"702","Ukraine","24 Unknown T-72",0,0,1,22,23,"09/26/2024"
"703","Ukraine","24 Ural tanker",0,7,1,12,20,"09/26/2024"
"704","Ukraine","25 100mm MT-12 anti-tank gun",0,11,6,8,25,"09/26/2024"
"705","Ukraine","26 Roshel Senator MRAP",1,4,4,18,27,"09/26/2024"
"706","Ukraine","27 BTR-7",0,12,0,12,24,"09/26/2024"
"707","Ukraine","28 Mi-8 transport helicopter",0,0,1,25,26,"09/26/2024"
"708","Ukraine","3 79K6 'Pelikan' 3D surveillance radar",0,0,0,3,3,"09/26/2024"
"709","Ukraine","3 ARS-14 decontamination and degassing vehicle",0,3,0,0,3,"09/26/2024"
"710","Ukraine","3 BMP-2D",0,1,0,2,3,"09/26/2024"
"711","Ukraine","3 BPzV Svatava combat reconnaissance vehicle",0,0,0,3,3,"09/26/2024"
"712","Ukraine","3 Bergepanzer 2 armoured recovery vehicle",0,0,1,2,3,"09/26/2024"
"713","Ukraine","3 Bergepanzer 3 armoured recovery vehicle",0,0,0,3,3,"09/26/2024"
"714","Ukraine","3 Daewoo Novus",0,0,0,3,3,"09/26/2024"
"715","Ukraine","3 F3 command cabin (for 70P6 S-300PT)",0,0,0,3,3,"09/26/2024"
"716","Ukraine","3 GAZ-53",0,2,0,1,3,"09/26/2024"
"717","Ukraine","3 HMMWV with MRLS",0,0,0,3,3,"09/26/2024"
"718","Ukraine","3 Iveco VM90",0,0,1,2,3,"09/26/2024"
"719","Ukraine","3 KrAZ-6446",0,0,0,3,3,"09/26/2024"
"720","Ukraine","3 Leopard 1A5",0,0,1,2,3,"09/26/2024"
"721","Ukraine","3 M577 command post",0,0,0,3,3,"09/26/2024"
"722","Ukraine","3 MAN KAT 4x4",0,0,0,3,3,"09/26/2024"
"723","Ukraine","3 MAZ-500 tanker",0,1,0,2,3,"09/26/2024"
"724","Ukraine","3 Mi-17V5",0,0,0,3,3,"09/26/2024"
"725","Ukraine","3 Oncilla",1,0,1,2,4,"09/26/2024"
"726","Ukraine","3 PZM-2 trench-digging vehicle",0,0,1,2,3,"09/26/2024"
"727","Ukraine","3 Primoco One 150",0,0,0,3,3,"09/26/2024"
"728","Ukraine","3 Stormer HVM",0,0,3,0,3,"09/26/2024"
"729","Ukraine","3 T-72AMT Zr.2022",0,0,0,3,3,"09/26/2024"
"730","Ukraine","3 TDA-M mobile smoke generator",0,0,0,3,3,"09/26/2024"
"731","Ukraine","30 Mastiff Protected Patrol",3,3,8,15,29,"09/26/2024"
"732","Ukraine","31 Unknown BMP-1/2",1,0,1,25,27,"09/26/2024"
"733","Ukraine","32 Marder 1A3",9,4,10,16,39,"09/26/2024"
"734","Ukraine","33 MiG-29 fighter aircraft",0,0,3,30,33,"09/26/2024"
"735","Ukraine","36 River link pontoon (for PMP(-M) floating bridge system)",0,1,8,27,36,"09/26/2024"
"736","Ukraine","36D6 'Tin Shield'",0,1,3,12,16,"09/26/2024"
"737","Ukraine","38 Kozak-7",9,1,7,27,44,"09/26/2024"
"738","Ukraine","39 BMC Kirpi",4,2,9,28,43,"09/26/2024"
"739","Ukraine","4 105mm L119 howitzer",0,0,3,1,4,"09/26/2024"
"740","Ukraine","4 120mm <U+041C>1064<U+0410>3",0,1,0,3,4,"09/26/2024"
"741","Ukraine","4 155mm ShKH Zuzana 2",0,0,1,3,4,"09/26/2024"
"742","Ukraine","4 227mm M142 HIMARS",0,0,2,2,4,"09/26/2024"
"743","Ukraine","4 5I57(A) diesel power plant or 63T6A converter",0,0,0,4,4,"09/26/2024"
"744","Ukraine","4 Bukovel-AD EW system",0,0,1,3,4,"09/26/2024"
"745","Ukraine","4 ITEC Skif",0,1,0,3,4,"09/26/2024"
"746","Ukraine","4 MT-LB-AT",0,0,0,3,3,"09/26/2024"
"747","Ukraine","4 MTO-AT mobile workshop",0,1,0,3,4,"09/26/2024"
"748","Ukraine","4 Panthera T6",0,1,0,3,4,"09/26/2024"
"749","Ukraine","4 ZiL-131 with Zu-23-2",0,1,0,3,4,"09/26/2024"
"750","Ukraine","40 UAZ-452 van",1,2,2,36,41,"09/26/2024"
"751","Ukraine","5 122mm RM-70",0,0,2,3,5,"09/26/2024"
"752","Ukraine","5 152mm ShKH vz. 77 DANA",0,0,4,1,5,"09/26/2024"
"753","Ukraine","5 5N63-1 'Flap Lid A' on 40V6M mast (for S-300PT)",0,1,1,3,5,"09/26/2024"
"754","Ukraine","5 Boeing Insitu ScanEagle 2",0,1,0,4,5,"09/26/2024"
"755","Ukraine","5 Coastal link pontoon (for PMP(-M) floating bridge system)",0,0,0,5,5,"09/26/2024"
"756","Ukraine","5 M113AS4",0,1,0,4,5,"09/26/2024"
"757","Ukraine","5 Pinzgauer Vector 718",0,1,2,2,5,"09/26/2024"
"758","Ukraine","52 BRM-1(K) reconnaissance vehicle",4,12,4,34,54,"09/26/2024"
"759","Ukraine","5N63S 'Flap Lid B' (for S-300PS)",0,0,1,14,15,"09/26/2024"
"760","Ukraine","5N66M 'Clam Shell' on 40V6M mast (for S-300PT)",1,1,0,1,3,"09/26/2024"
"761","Ukraine","5P851A (Launcher for S-300PT-1A)",0,0,0,32,32,"09/26/2024"
"762","Ukraine","5P85D (launcher for S-300PS)",0,1,0,1,2,"09/26/2024"
"763","Ukraine","5P85D/S (launcher for S-300PS)",0,0,1,16,17,"09/26/2024"
"764","Ukraine","5P85S (launcher for S-300PS)",0,1,1,16,18,"09/26/2024"
"765","Ukraine","6 155mm 2S22 'Bohdana' 3.0",0,0,1,5,6,"09/26/2024"
"766","Ukraine","6 KrAZ Cougar",0,4,0,2,6,"09/26/2024"
"767","Ukraine","6 Project 50030 Kalkan-class patrol boat (Sea Guard)",0,6,0,0,6,"09/26/2024"
"768","Ukraine","6 UMS-1000 patrol boat (Sea Guard)",0,5,1,1,7,"09/26/2024"
"769","Ukraine","6 Zhuk-class patrol boat (Sea Guard)",0,2,1,3,6,"09/26/2024"
"770","Ukraine","7 155mm Caesar 6x6",0,0,3,4,7,"09/26/2024"
"771","Ukraine","7 2K22M Tunguska-M",0,2,3,2,7,"09/26/2024"
"772","Ukraine","7 BWP-1",1,1,1,5,8,"09/26/2024"
"773","Ukraine","7 L-39 Albatros",0,0,0,6,6,"09/26/2024"
"774","Ukraine","7 M1132 Stryker Engineering Squad Vehicle",0,0,0,7,7,"09/26/2024"
"775","Ukraine","7 Penguin C",0,4,0,3,7,"09/26/2024"
"776","Ukraine","7 Tekever AR3",0,2,0,5,7,"09/26/2024"
"777","Ukraine","70 155mm M109A3/A4/A5/A6/L",0,0,16,53,69,"09/26/2024"
"778","Ukraine","8 GAZ-66 with Zu-23-2",0,0,1,7,8,"09/26/2024"
"779","Ukraine","82 Unknown truck",1,3,2,66,72,"09/26/2024"
"780","Ukraine","9 PT-91 Twardy",3,0,4,4,11,"09/26/2024"
"781","Ukraine","90 T-72M/M1(R)",9,9,13,67,98,"09/26/2024"
"782","Ukraine","9A310M1 TELAR (for Buk-M1)",0,1,4,11,16,"09/26/2024"
"783","Ukraine","9A39M1 TEL (for Buk-M1)",0,0,1,5,6,"09/26/2024"
"784","Ukraine","9K33 Osa",0,3,4,14,21,"09/26/2024"
"785","Ukraine","9K35 Strela-10",1,0,4,26,31,"09/26/2024"
"786","Ukraine","9P148 Konkurs ATGM carrier",1,8,0,5,14,"09/26/2024"
"787","Ukraine","9P149 Shturm-S ATGM carrier",0,2,1,1,4,"09/26/2024"
"788","Ukraine","9T217 transloader (for 9K33 Osa)",0,0,0,3,3,"09/26/2024"
"789","Ukraine","9T452 transporter-loader (for BM-27 'Uragan' MRL)",0,0,0,2,2,"09/26/2024"
"790","Ukraine","A1-SM Fury",0,55,0,53,108,"09/26/2024"
"791","Ukraine","AMX-10 RC(R)",1,1,0,1,3,"09/26/2024"
"792","Ukraine","AMZ Dzik-2",0,1,1,1,3,"09/26/2024"
"793","Ukraine","AN/TPQ-36 weapons location radar",0,0,3,5,8,"09/26/2024"
"794","Ukraine","AN/TPQ-37 weapons location radar",0,0,0,2,2,"09/26/2024"
"795","Ukraine","AN/TPQ-49 lightweight counter mortar radar",0,1,0,0,1,"09/26/2024"
"796","Ukraine","AN/TPQ-50 counter-battery radar",0,0,1,6,7,"09/26/2024"
"797","Ukraine","ASU-1 Valkyrja",0,8,0,47,55,"09/26/2024"
"798","Ukraine","ATF Dingo",0,0,1,8,9,"09/26/2024"
"799","Ukraine","AeroVironment RQ-20 Puma",0,11,1,12,24,"09/26/2024"
"800","Ukraine","Airbus H225 transport helicopter",0,0,0,1,1,"09/26/2024"
"801","Ukraine","Alvis 4 'Mamba'",0,1,1,2,4,"09/26/2024"
"802","Ukraine","An-26 transport aircraft",0,0,0,2,2,"09/26/2024"
"803","Ukraine","Armed pickup truck",0,0,0,4,4,"09/26/2024"
"804","Ukraine","Armoured Volkswagen Amarok pickup truck",0,1,1,0,2,"09/26/2024"
"805","Ukraine","BAT-2 heavy engineering vehicle",0,2,1,3,6,"09/26/2024"
"806","Ukraine","BMD-2",0,4,0,2,6,"09/26/2024"
"807","Ukraine","BMK-460 towing and motor boat",0,0,2,0,2,"09/26/2024"
"808","Ukraine","BMM-4C Ambulance",0,2,0,2,4,"09/26/2024"
"809","Ukraine","BMM-70 Ambulance",0,0,0,2,2,"09/26/2024"
"810","Ukraine","BMP-1(P)",25,49,25,317,416,"09/26/2024"
"811","Ukraine","BMP-1KSh command and staff vehicle",0,0,0,2,2,"09/26/2024"
"812","Ukraine","BMP-1TS",0,0,0,3,3,"09/26/2024"
"813","Ukraine","BRDM-2",0,22,1,43,66,"09/26/2024"
"814","Ukraine","BRDM-2 'VEPR'",0,0,0,2,2,"09/26/2024"
"815","Ukraine","BRDM-2L1",1,19,2,37,59,"09/26/2024"
"816","Ukraine","BRDM-2RKhb chemical reconnaissance vehicle",0,2,0,6,8,"09/26/2024"
"817","Ukraine","BREM-1 armoured recovery vehicle",2,1,3,4,10,"09/26/2024"
"818","Ukraine","BREM-Ch ''BREM-4'' armoured recovery vehicle",0,0,0,3,3,"09/26/2024"
"819","Ukraine","BTR-3",0,10,1,30,41,"09/26/2024"
"820","Ukraine","BTR-60PB",0,7,1,20,28,"09/26/2024"
"821","Ukraine","BTR-60PU-12 air defence command vehicle",0,1,0,2,3,"09/26/2024"
"822","Ukraine","BTR-70",0,12,4,16,32,"09/26/2024"
"823","Ukraine","BTR-70DI-02 'Svityaz' command and staff vehicle",0,1,0,0,1,"09/26/2024"
"824","Ukraine","BTR-70M",2,1,0,4,7,"09/26/2024"
"825","Ukraine","BTR-80M",0,2,0,0,2,"09/26/2024"
"826","Ukraine","BTR-D",1,1,1,1,4,"09/26/2024"
"827","Ukraine","BTS-4 ARV with ZU-23 AA gun",0,1,0,0,1,"09/26/2024"
"828","Ukraine","BTS-4A armoured recovery vehicle",3,2,2,7,14,"09/26/2024"
"829","Ukraine","BVP M-80A",2,1,6,5,14,"09/26/2024"
"830","Ukraine","Bayraktar TB2",0,0,0,21,21,"09/26/2024"
"831","Ukraine","Bogdan-2251 ambulance",0,4,1,13,18,"09/26/2024"
"832","Ukraine","Bogdan-5316",1,0,2,7,10,"09/26/2024"
"833","Ukraine","Bogdan-63172",2,3,4,29,38,"09/26/2024"
"834","Ukraine","Bogdan-63172 'Kozak'",0,1,0,2,3,"09/26/2024"
"835","Ukraine","Bushmaster Protected Mobility Vehicle",0,0,4,14,18,"09/26/2024"
"836","Ukraine","CV9040C",1,2,6,2,11,"09/26/2024"
"837","Ukraine","Challenger 2",0,0,0,2,2,"09/26/2024"
"838","Ukraine","DAF YAD 4442 NT",0,0,0,4,4,"09/26/2024"
"839","Ukraine","EOS-C VTOL",0,0,0,2,2,"09/26/2024"
"840","Ukraine","EOV-4421 excavator",0,1,0,6,7,"09/26/2024"
"841","Ukraine","FV103 Spartan",0,2,2,13,17,"09/26/2024"
"842","Ukraine","FlyEye",0,4,0,12,16,"09/26/2024"
"843","Ukraine","GAZ-3308 tanker",0,0,0,1,1,"09/26/2024"
"844","Ukraine","GAZ-66 tanker",0,0,0,1,1,"09/26/2024"
"845","Ukraine","GMZ-3 minelayer",0,2,1,1,4,"09/26/2024"
"846","Ukraine","GT-MU AFV converted to APC",0,1,0,0,1,"09/26/2024"
"847","Ukraine","Gyurza-M-class gunboat",0,3,1,1,5,"09/26/2024"
"848","Ukraine","HMMWV Ambulance",0,8,5,5,18,"09/26/2024"
"849","Ukraine","Husky Tactical Support Vehicle",2,2,6,13,23,"09/26/2024"
"850","Ukraine","IMR-2 combat engineering vehicle",1,1,3,12,17,"09/26/2024"
"851","Ukraine","INKAS Titan-S",0,0,0,5,5,"09/26/2024"
"852","Ukraine","Il-76(MD) transport aircraft",0,1,0,1,2,"09/26/2024"
"853","Ukraine","Island-class patrol boat",0,0,1,1,2,"09/26/2024"
"854","Ukraine","Iveco LMV",1,0,3,10,14,"09/26/2024"
"855","Ukraine","Jelcz P882 D53",0,0,0,2,2,"09/26/2024"
"856","Ukraine","K1Sh1 command and staff vehicle",0,1,0,0,1,"09/26/2024"
"857","Ukraine","KT-L recovery vehicle",0,0,0,6,6,"09/26/2024"
"858","Ukraine","KTO Rosomak",0,0,1,6,7,"09/26/2024"
"859","Ukraine","KamAZ 6x6",0,8,3,21,32,"09/26/2024"
"860","Ukraine","KamAZ 6x6 tanker",0,1,0,1,2,"09/26/2024"
"861","Ukraine","Kozak-2",0,19,1,42,62,"09/26/2024"
"862","Ukraine","Kozak-2M1",3,8,5,25,41,"09/26/2024"
"863","Ukraine","Kozak-5",0,2,0,2,4,"09/26/2024"
"864","Ukraine","KrAZ Cobra",0,5,1,8,14,"09/26/2024"
"865","Ukraine","KrAZ Spartan",0,1,0,10,11,"09/26/2024"
"866","Ukraine","KrAZ-260",0,3,0,0,3,"09/26/2024"
"867","Ukraine","KrAZ-5233",0,15,2,22,39,"09/26/2024"
"868","Ukraine","KrAZ-6322",0,11,2,40,53,"09/26/2024"
"869","Ukraine","KrAZ-6322 'Krepost<U+2019>",0,5,0,1,6,"09/26/2024"
"870","Ukraine","KrAZ-MPV Shrek One",0,1,0,1,2,"09/26/2024"
"871","Ukraine","Krivak III-class frigate",0,0,0,1,1,"09/26/2024"
"872","Ukraine","Land Rover Defender",0,0,0,7,7,"09/26/2024"
"873","Ukraine","Leopard 2A4",6,0,10,11,27,"09/26/2024"
"874","Ukraine","Leopard 2A6",2,0,6,7,15,"09/26/2024"
"875","Ukraine","Leopard 2R mine-clearing tank",0,0,2,1,3,"09/26/2024"
"876","Ukraine","M-55S",0,0,1,1,2,"09/26/2024"
"877","Ukraine","M1114 and M1151 HMMWV",5,12,20,85,122,"09/26/2024"
"878","Ukraine","M1126 Stryker",2,3,4,15,24,"09/26/2024"
"879","Ukraine","M113G3DK/G4DK",2,1,1,3,7,"09/26/2024"
"880","Ukraine","M1152 HMMWV",0,1,0,27,28,"09/26/2024"
"881","Ukraine","M2A2 Bradley ODS-SA",22,4,42,45,113,"09/26/2024"
"882","Ukraine","M88A1 armoured recovery vehicle",0,1,0,2,3,"09/26/2024"
"883","Ukraine","M998 HMMWV",0,11,2,4,17,"09/26/2024"
"884","Ukraine","MAZ-537",0,1,0,3,4,"09/26/2024"
"885","Ukraine","MDK-3 trench-digging vehicle",0,1,0,0,1,"09/26/2024"
"886","Ukraine","MLS Shield",0,0,2,1,3,"09/26/2024"
"887","Ukraine","MT-LB",1,8,4,61,74,"09/26/2024"
"888","Ukraine","MT-LB with ZU-23 AA gun",0,2,2,10,14,"09/26/2024"
"889","Ukraine","MT-LB-S Ambulance",1,5,0,23,29,"09/26/2024"
"890","Ukraine","MT-LBu",0,3,0,5,8,"09/26/2024"
"891","Ukraine","Malloy Aeronautics T150 cargo UAV",0,3,0,0,3,"09/26/2024"
"892","Ukraine","Mercedes-Benz Unimog U1300L ambulance",0,0,0,3,3,"09/26/2024"
"893","Ukraine","Mi-14PS maritime helicopter",0,0,0,1,1,"09/26/2024"
"894","Ukraine","Mi-2 training helicopter",0,1,0,3,4,"09/26/2024"
"895","Ukraine","Mi-24 attack helicopter",0,0,1,4,5,"09/26/2024"
"896","Ukraine","Mi-24P attack helicopter",0,0,0,2,2,"09/26/2024"
"897","Ukraine","NOTA",0,1,0,0,1,"09/26/2024"
"898","Ukraine","Novator",0,5,4,14,23,"09/26/2024"
"899","Ukraine","Oshkosh M-ATV",3,1,4,18,26,"09/26/2024"
"900","Ukraine","P-14 'Tall King'",0,0,1,0,1,"09/26/2024"
"901","Ukraine","P-18 'Malakhit'",0,1,2,10,13,"09/26/2024"
"902","Ukraine","P-18 'Spoon Rest D'",0,1,2,9,12,"09/26/2024"
"903","Ukraine","P-18ML long-range VHF surveillance radar",0,0,2,2,4,"09/26/2024"
"904","Ukraine","P-19 'Flat Face B'",0,0,0,2,2,"09/26/2024"
"905","Ukraine","P-35/37 'Bar Lock'",0,0,0,1,1,"09/26/2024"
"906","Ukraine","PD-1",0,1,0,1,2,"09/26/2024"
"907","Ukraine","PRP-3 with a BMD-2 turret",0,0,0,5,5,"09/26/2024"
"908","Ukraine","PRV-11 'Side Net'",0,1,0,0,1,"09/26/2024"
"909","Ukraine","PRV-13 'Odd Pair'",0,1,0,2,3,"09/26/2024"
"910","Ukraine","PRV-16 'Thin Skin B'",0,0,0,3,3,"09/26/2024"
"911","Ukraine","PTS-2 tracked amphibious transport",0,1,0,1,2,"09/26/2024"
"912","Ukraine","Pbv 501A",2,1,3,10,16,"09/26/2024"
"913","Ukraine","Peugeot P4",0,0,0,2,2,"09/26/2024"
"914","Ukraine","Poseidon H10",0,0,0,2,2,"09/26/2024"
"915","Ukraine","Pr.304 Amur-class command ship",0,0,0,1,1,"09/26/2024"
"916","Ukraine","Project 376 Yaroslavets-class general purpose tugboat",0,0,0,1,1,"09/26/2024"
"917","Ukraine","R-142N command and staff vehicle",0,0,0,1,1,"09/26/2024"
"918","Ukraine","R-145BM command vehicle",0,1,0,3,4,"09/26/2024"
"919","Ukraine","R-410-7,5 tropospheric radio relay communication station",0,0,0,1,1,"09/26/2024"
"920","Ukraine","RKhM 'Kashalot'",0,3,2,2,7,"09/26/2024"
"921","Ukraine","SNAR-10 battlefield surveillance radar",0,2,0,1,3,"09/26/2024"
"922","Ukraine","ST-68U radar",0,0,0,7,7,"09/26/2024"
"923","Ukraine","Shark",0,2,0,18,20,"09/26/2024"
"924","Ukraine","Sisu XA-185",4,1,3,6,14,"09/26/2024"
"925","Ukraine","Sorum-class seagoing tugboat",0,1,0,0,1,"09/26/2024"
"926","Ukraine","Spaitech Sparrow",0,3,0,1,4,"09/26/2024"
"927","Ukraine","Spectator-M1",0,2,0,4,6,"09/26/2024"
"928","Ukraine","Stenka-class patrol boat (Operated by the Sea Guard)",0,0,1,1,2,"09/26/2024"
"929","Ukraine","Stridsvagn 122",5,0,6,1,12,"09/26/2024"
"930","Ukraine","Su-27 fighter aircraft",0,0,0,15,15,"09/26/2024"
"931","Ukraine","T-64 mine-clearing tank",1,1,1,1,4,"09/26/2024"
"932","Ukraine","T-64A",0,1,0,1,2,"09/26/2024"
"933","Ukraine","T-64B",0,2,1,2,5,"09/26/2024"
"934","Ukraine","T-64B1M",0,7,0,3,10,"09/26/2024"
"935","Ukraine","T-64BM 'Bulat'",0,3,3,15,21,"09/26/2024"
"936","Ukraine","T-64BM2 'Bulat'",0,0,1,4,5,"09/26/2024"
"937","Ukraine","T-64BV",12,50,40,222,324,"09/26/2024"
"938","Ukraine","T-72 'Ural'",1,1,1,3,6,"09/26/2024"
"939","Ukraine","T-72AMT",2,7,5,11,25,"09/26/2024"
"940","Ukraine","T-72AV",8,8,8,36,60,"09/26/2024"
"941","Ukraine","T-72B",0,6,3,39,48,"09/26/2024"
"942","Ukraine","T-72EA",0,1,2,5,8,"09/26/2024"
"943","Ukraine","T-80BV",2,12,11,48,73,"09/26/2024"
"944","Ukraine","Triton-1",0,4,0,0,4,"09/26/2024"
"945","Ukraine","UAZ-469 jeep",2,6,2,8,18,"09/26/2024"
"946","Ukraine","UJ-22",0,0,0,2,2,"09/26/2024"
"947","Ukraine","Unknown AFV",1,0,7,48,56,"09/26/2024"
"948","Ukraine","Unknown BTR",0,0,0,3,3,"09/26/2024"
"949","Ukraine","Unknown IMV",1,0,2,14,17,"09/26/2024"
"950","Ukraine","Unknown SPG",0,0,2,28,30,"09/26/2024"
"951","Ukraine","Unknown T-64",0,0,0,2,2,"09/26/2024"
"952","Ukraine","Unknown counter mortar/battery radar",0,0,1,0,1,"09/26/2024"
"953","Ukraine","Unknown reconnaissance UAV",0,1,0,2,3,"09/26/2024"
"954","Ukraine","Unknown tank",3,0,7,60,70,"09/26/2024"
"955","Ukraine","Unknown towed artillery",0,0,8,21,29,"09/26/2024"
"956","Ukraine","Unknown vehicle",0,0,1,42,43,"09/26/2024"
"957","Ukraine","Ural-4320",0,9,4,66,79,"09/26/2024"
"958","Ukraine","Ural-4320 KET-L recovery vehicle",0,0,0,1,1,"09/26/2024"
"959","Ukraine","VAB",4,0,5,17,26,"09/26/2024"
"960","Ukraine","Varta",0,23,2,10,35,"09/26/2024"
"961","Ukraine","Vepr",0,1,0,0,1,"09/26/2024"
"962","Ukraine","Wolfhound Protected Patrol",0,0,1,5,6,"09/26/2024"
"963","Ukraine","YPR-765",9,5,12,56,82,"09/26/2024"
"964","Ukraine","ZSU-23-4 Shilka",1,2,1,1,5,"09/26/2024"
"965","Ukraine","ZiL-130",0,1,0,8,9,"09/26/2024"
"966","Ukraine","ZiL-131",2,39,7,115,163,"09/26/2024"
"967","Ukraine","ZiL-131 tanker",1,1,1,4,7,"09/26/2024"
"968","Ukraine","ZiL-131-based KShM KUNG command vehicle",0,0,0,1,1,"09/26/2024"
"969","Ukraine","ZiL-157",0,2,0,0,2,"09/26/2024"
"970","Ukraine","ZiL-181",0,0,0,1,1,"09/26/2024"
