"","Type","Model","Status","Lost by","Unit","Date","Nearest location","Oryx URL","Source","Geolocation","Tags","Country","GeneralType","lat","lng"
"1","Anti-aircraft systems","9K35 'Strela-10'","Damaged","Russia",NA,2023-10-27,"Chelburda","https://i.postimg.cc/pLPqmSX0/1054-strela10-destr-27-10-23.jpg","https://t.me/lost_warinua/54554","46.601424,32.953585",NA,"Russia","Anti-aircraft systems",46.601424,32.953585
"2","Anti-aircraft systems","9A317M TELAR (for Buk-M3)","Destroyed","Russia",NA,2023-11-29,"Kherson oblast","https://twitter.com/bayraktar_1love/status/1729859704615055612","https://t.me/lost_warinua/57979",NA,NA,"Russia","Anti-aircraft systems",NA,NA
"3","Anti-aircraft systems","9A33BM OSA-AKM TELAR","Destroyed","Russia",NA,2024-01-16,"Radensk",NA,"https://t.me/lost_warinua/62701","46.532509,32.955766",NA,"Russia","Anti-aircraft systems",46.532509,32.955766
"4","Anti-aircraft systems","9A33BM OSA-AKM TELAR","Destroyed","Russia",NA,2024-01-05,"Nova Zburiivka","https://i.postimg.cc/Dz8NvP3K/1009-9-K33-M3-OSA-AKM-destr-08-01-24.jpg","https://t.me/lost_warinua/61754","46.412917,32.420028",NA,"Russia","Anti-aircraft systems",46.412917,32.420028
"5","Anti-aircraft systems","9A33BM OSA-AKM TELAR","Destroyed","Russia",NA,2023-12-30,"Radensk","https://twitter.com/NOELreports/status/1741044540050448593","https://t.me/lost_warinua/61218","46.536639,32.940194",NA,"Russia","Anti-aircraft systems",46.536639,32.940194
"6","Anti-aircraft systems","9K35 'Strela-10'","Destroyed","Russia",NA,2024-01-04,"Radensk","https://i.postimg.cc/JnNJwB4s/1012-9-K35-Strela-10-destr-04-01-24.jpg","https://t.me/lost_warinua/61714","46.589944,32.942722","V","Russia","Anti-aircraft systems",46.589944,32.942722
"7","Anti-aircraft systems","Launcher for Buk","Destroyed","Russia",NA,2023-11-30,"Kalynivka","https://twitter.com/bayraktar_1love/status/1730205079389548852","https://t.me/lost_warinua/58051","46.16442,32.61074",NA,"Russia","Anti-aircraft systems",46.16442,32.61074
"8","Anti-aircraft systems","Pantsir-S1","Destroyed","Russia",NA,2023-11-17,"Chaplynka","https://i.postimg.cc/cCM7f15J/1016-pantsir-destr-17-11-23.jpg","https://t.me/SJTF_Odes/2894","46.338667,33.503083",NA,"Russia","Anti-aircraft systems",46.338667,33.503083
"9","Command Vehicles","APE-5 command post","Destroyed","Russia",NA,2023-12-19,"Kherson oblast","https://imgur.com/XezWkzY","https://t.me/lost_warinua/60167",NA,NA,"Russia","Command Vehicles",NA,NA
"10","Command Vehicles","MPUS-K mobile command post","Destroyed","Russia",NA,2023-11-29,"Nova Maiachka","https://i.postimg.cc/PxWY9TZ8/1008-MPUS-K-destr-29-11-23.jpg","https://t.me/lost_warinua/57973","46.60737,33.24981",NA,"Russia","Command Vehicles",46.60737,33.24981
"11","Drones","Orlan-10","Destroyed","Russia",NA,2023-11-13,"Kherson oblast","https://i.postimg.cc/2S0x4x6j/1052-Orlan-10-UAV-destr-13-11-23.jpg","https://t.me/lost_warinua/56541",NA,"Shattered","Russia","Drones",NA,NA
"12","Drones","Supercam S350 reconnaissance UAV","Destroyed","Russia",NA,2024-01-05,"Kherson oblast","https://i.postimg.cc/x1j77Ss8/1008-Supercam-S350-destr-08-01-24.jpg","https://t.me/lost_warinua/61760",NA,NA,"Russia","Drones",NA,NA
"13","Engineering","BREM-1 armoured recovery vehicle","Damaged","Russia",NA,2023-10-19,"Oleshky",NA,"https://t.me/lost_warinua/54235","46.605447,32.855217","Loitering","Russia","Engineering",46.605447,32.855217
"14","Engineering","Coastal link pontoon (for PP-2005 floating bridge system)","Destroyed","Russia",NA,2023-12-05,"Kostohryzove",NA,"https://t.me/lost_warinua/58900","46.536309,32.864976",NA,"Russia","Engineering",46.536309,32.864976
"15","Engineering","KamAZ-63501 (for PP-2005 floating bridge system)","Destroyed","Russia",NA,2023-12-05,"Kostohryzove",NA,"https://t.me/lost_warinua/58900","46.536309,32.864976","Loitering","Russia","Engineering",46.536309,32.864976
"16","Armoured Fighting Vehicles","BMD-2","Damaged","Russia","328th Air Assault Regiment",2023-12-13,"Krynky","https://i.postimg.cc/mDrk5PTb/1043-bmd2-dam-aband-13-12-23.jpg","https://t.me/lost_warinua/59587","46.727806,33.070722","V","Russia","Armor",46.727806,33.070722
"17","Armoured Fighting Vehicles","BMD-2","Damaged","Russia","328th Air Assault Regiment",2023-12-10,"Krynky","https://i.postimg.cc/Kj3BYv3v/1046-bmd2-dam-aband-10-12-23.jpg","https://t.me/lost_warinua/59236","46.726661,33.068790","V,Loitering","Russia","Armor",46.726661,33.06879
"18","Armoured Fighting Vehicles","BMD-2","Damaged","Russia","328th Air Assault Regiment",2023-12-05,"Krynky","https://i.postimg.cc/HxRKx1cQ/1002-bmd2-destr-06-12-23.jpg","https://t.me/BALUhub/6388","46.719464053484074,33.07574876905102","O,V,Loitering","Russia","Armor",46.7194640534841,33.075748769051
"19","Armoured Fighting Vehicles","BMD-4M","Damaged","Russia","VDV",2023-12-30,"Krynky","https://i.postimg.cc/6qTP948g/1001-bmd4m-dam-30-12-23.jpg",NA,"46.7198800,33.0624700","V","Russia","Armor",46.71988,33.06247
"20","Armoured Fighting Vehicles","BMD-4M","Damaged","Russia","328th Air Assault Regiment",2023-11-24,"Krynky","https://i.postimg.cc/kgsfqXbH/1050-bmd4m-dam-aband-24-11-23.jpg",NA,"46.719306,33.082056","V","Russia","Armor",46.719306,33.082056
"21","Armoured Fighting Vehicles","BMP-2(K)","Damaged","Russia",NA,2023-12-24,"Korsunka","https://i.postimg.cc/9XN6K7d4/1044-bmp2-dam-24-12-23.jpg","https://twitter.com/sternenko/status/1739383937556754659","46.760114,33.175626","Loitering","Russia","Armor",46.760114,33.175626
"22","Armoured Fighting Vehicles","BTR-82A(M)","Damaged","Russia",NA,2023-12-12,"Krynky","https://i.postimg.cc/rpL79S63/1016-btr82at-dam-12-12-23.jpg","https://t.me/lost_warinua/60938","46.742361,33.104889","Z","Russia","Armor",46.742361,33.104889
"23","Armoured Fighting Vehicles","BTR-82A(M)","Damaged","Russia",NA,2023-12-06,"Korsunka",NA,"https://t.me/lost_warinua/58996","46.757139,33.197611","Loitering","Russia","Armor",46.757139,33.197611
"24","Armoured Fighting Vehicles","BTR-82A(M)","Damaged","Russia",NA,2023-11-19,"Korsunka","https://i.postimg.cc/gkG2Djvk/1004-btr82-dam-20-11-23.jpg","https://t.me/WarArchive_ua/7658","46.753265,33.198716","Loitering","Russia","Armor",46.753265,33.198716
"25","Armoured Fighting Vehicles","BMD-2","Destroyed","Russia","328th Air Assault Regiment",2023-12-11,"Krynky","https://i.postimg.cc/dVmKpXL3/1003-bmd2-destr-11-12-23.jpg","https://t.me/lost_warinua/59424","46.730139,33.077639","V","Russia","Armor",46.730139,33.077639
"26","Armoured Fighting Vehicles","BMD-2","Destroyed","Russia","328th Air Assault Regiment",2023-12-08,"Krynky","https://i.postimg.cc/FHfPD5SD/1008-bmd2-destr-08-12-23.jpg","https://t.me/lost_warinua/59111","46.728972,33.074639","V","Russia","Armor",46.728972,33.074639
"27","Armoured Fighting Vehicles","BMD-2","Destroyed","Russia","328th Air Assault Regiment",2023-12-06,"Krynky","https://i.postimg.cc/hGDNs3Sj/1000-bmd2-and-bmd4-destr-08-12-23.jpg","https://t.me/lost_warinua/58986","46.710333,33.08125","Shattered,Turretless,O,V,Loitering","Russia","Armor",46.710333,33.08125
"28","Armoured Fighting Vehicles","BMD-4M","Destroyed","Russia","328th Air Assault Regiment",2023-12-19,"Krynky","https://i.postimg.cc/yNnFQGzB/1035-BMD-4-M-destr-19-12-23.jpg","https://t.me/robert_magyar/753",NA,"Turretless,Shattered,Loitering,Z,V","Russia","Armor",NA,NA
"29","Armoured Fighting Vehicles","BMD-4M","Destroyed","Russia","328th Air Assault Regiment",2023-12-09,"Krynky","https://i.postimg.cc/MTjf8RN9/1057-BMD-4-M-destr-09-12-23.jpg","https://t.me/robert_magyar/724","46.726139,33.070222","Turretless,V","Russia","Armor",46.726139,33.070222
"30","Armoured Fighting Vehicles","BMD-4M","Destroyed","Russia","328th Air Assault Regiment",2023-12-09,"Krynky","https://i.postimg.cc/PqsMyLT5/1010-bmd4-destr-09-12-23.jpg","https://t.me/lost_warinua/59157",NA,"Turretless,Shattered","Russia","Armor",NA,NA
"31","Armoured Fighting Vehicles","BMD-4M","Destroyed","Russia","328th Air Assault Regiment",2023-12-08,"Krynky","https://i.postimg.cc/d1F4shxx/1007-bmd4-destr-08-12-23.jpg","https://t.me/lost_warinua/59104","46.727194,33.070389","Turretless,Shattered","Russia","Armor",46.727194,33.070389
"32","Armoured Fighting Vehicles","BMD-4M","Destroyed","Russia","328th Air Assault Regiment",2023-12-08,"Krynky","https://i.postimg.cc/htH2Yybg/1006-bmd2-destr-08-12-23.jpg","https://t.me/lost_warinua/59094","46.728639,33.075528","Turretless","Russia","Armor",46.728639,33.075528
"33","Armoured Fighting Vehicles","BMD-4M","Destroyed","Russia","328th Air Assault Regiment",2023-12-06,"Krynky","https://i.postimg.cc/nz1TCH8c/1011-bmd4-destr-08-12-23.jpg","https://t.me/lost_warinua/59089","46.710333,33.079972","Turretless,Shattered","Russia","Armor",46.710333,33.079972
"34","Armoured Fighting Vehicles","BMD-4M","Destroyed","Russia","328th Air Assault Regiment",2023-12-06,"Krynky","https://i.postimg.cc/hGDNs3Sj/1000-bmd2-and-bmd4-destr-08-12-23.jpg","https://t.me/lost_warinua/58986","46.710333,33.08125","Turretless,Shattered,V,Loitering","Russia","Armor",46.710333,33.08125
"35","Armoured Fighting Vehicles","BMD-4M","Destroyed","Russia","328th Air Assault Regiment",2023-12-05,"Krynky","https://i.postimg.cc/FRrqMNHx/1037-bmd4m-destr-05-12-23.jpg","https://t.me/lost_warinua/58844","46.719917,33.072528",NA,"Russia","Armor",46.719917,33.072528
"36","Armoured Fighting Vehicles","BMP-3","Destroyed","Russia",NA,2023-10-30,"Kherson oblast","https://i.postimg.cc/g2MX3Lsf/1012-BMP-3-destr-30-10-23.jpg","https://t.me/lost_warinua/54846",NA,"Turretless","Russia","Armor",NA,NA
"37","Armoured Fighting Vehicles","BMP-3 688M sb. 3KDZ","Destroyed","Russia",NA,2024-01-09,"Krynky","https://twitter.com/NOELreports/status/1744763835385299009","https://t.me/robert_magyar/779","46.736239,33.097734","Loitering,Turretless","Russia","Armor",46.736239,33.097734
"38","Armoured Fighting Vehicles","BTR-80","Destroyed","Russia",NA,2023-12-10,"Kherson oblast",NA,"https://t.me/lost_warinua/59209",NA,NA,"Russia","Armor",NA,NA
"39","Armoured Fighting Vehicles","BTR-82A(M)","Destroyed","Russia",NA,2024-01-18,"Krynky",NA,"https://t.me/lost_warinua/63000","46.747031,33.123037","Loitering","Russia","Armor",46.747031,33.123037
"40","Armoured Fighting Vehicles","BTR-82A(M)","Destroyed","Russia",NA,2024-01-15,"Krynky",NA,"https://t.me/lost_warinua/62842","46.714528,33.127694",NA,"Russia","Armor",46.714528,33.127694
"41","Armoured Fighting Vehicles","BTR-82A(M)","Destroyed","Russia",NA,2024-01-09,"Krynky","https://twitter.com/bayraktar_1love/status/1720163629692027217","https://t.me/robert_magyar/779","46.735333,33.091639","Loitering,Z","Russia","Armor",46.735333,33.091639
"42","Armoured Fighting Vehicles","BTR-82A(M)","Destroyed","Russia",NA,2024-01-06,"Krynky","https://i.postimg.cc/8P6S1DDC/1022-btr82a-destr-07-01-24.jpg","https://t.me/robert_magyar/776","46.726528,33.068361",NA,"Russia","Armor",46.726528,33.068361
"43","Armoured Fighting Vehicles","BTR-82A(M)","Destroyed","Russia",NA,2024-01-01,"Krynky","https://i.postimg.cc/pXkZhKZR/1009-btr82a-destr-04-01-23.jpg","https://t.me/lost_warinua/61352","46.699556,33.122833","Turretless","Russia","Armor",46.699556,33.122833
"44","Armoured Fighting Vehicles","BTR-82A(M)","Destroyed","Russia",NA,2023-12-27,"Krynky","https://i.postimg.cc/qRNznjmN/1036-btr82a-destr-27-12-23.jpg","https://t.me/robert_magyar/766","46.736722,33.108167","Z,Loitering","Russia","Armor",46.736722,33.108167
"45","Armoured Fighting Vehicles","BTR-82A(M)","Destroyed","Russia",NA,2023-12-15,"Krynky","https://i.postimg.cc/GtjK0q2K/1023-btr82a-destr-15-12-23.jpg","https://t.me/lost_warinua/59710","46.739667,33.098222","Turretless","Russia","Armor",46.739667,33.098222
"46","Armoured Fighting Vehicles","BTR-82A(M)","Destroyed","Russia",NA,2023-12-12,"Krynky",NA,"https://t.me/robert_magyar/733","46.741407505279795,33.106923679660895","Loitering","Russia","Armor",46.7414075052798,33.1069236796609
"47","Armoured Fighting Vehicles","BTR-82A(M)","Destroyed","Russia",NA,2023-12-12,"Krynky","https://i.postimg.cc/JzFqWy1f/1018-btr82a-destr-12-12-23.jpg","https://t.me/robert_magyar/733","46.73860440261295,33.09902664112701","Loitering","Russia","Armor",46.7386044026129,33.099026641127
"48","Armoured Fighting Vehicles","BTR-82A(M)","Destroyed","Russia",NA,2023-12-11,"Krynky","https://i.postimg.cc/L8ZTjkdW/1023-btr82a-destr-09-12-23.jpg","https://t.me/robert_magyar/730","46.727188977457146,33.146742897637594",NA,"Russia","Armor",46.7271889774571,33.1467428976376
"49","Armoured Fighting Vehicles","BTR-82A(M)","Destroyed","Russia",NA,2023-12-11,"Krynky","https://i.postimg.cc/SNPdXTP8/1022-btr82a-destr-09-12-23.jpg","https://t.me/robert_magyar/730","46.730667,33.144528","Loitering,Z","Russia","Armor",46.730667,33.144528
"50","Armoured Fighting Vehicles","BTR-82A(M)","Destroyed","Russia",NA,2023-12-11,"Krynky","https://i.postimg.cc/wjF915FX/1022-btr82a-destr-09-12-23.jpg","https://t.me/robert_magyar/730","46.73879254847549,33.10013449466828","Loitering","Russia","Armor",46.7387925484755,33.1001344946683
"51","Armoured Fighting Vehicles","BTR-82A(M)","Destroyed","Russia",NA,2023-12-10,"Krynky","https://i.postimg.cc/02jZyRVP/1026-btr82a-destr-10-12-23.jpg","https://t.me/robert_magyar/725",NA,"Loitering,Jammer","Russia","Armor",NA,NA
"52","Armoured Fighting Vehicles","BTR-82A(M)","Destroyed","Russia",NA,2023-12-06,"Krynky",NA,"https://t.me/lost_warinua/59001","46.754139,33.143278","Loitering","Russia","Armor",46.754139,33.143278
"53","Armoured Fighting Vehicles","BTR-82A(M)","Destroyed","Russia",NA,2023-12-05,"Krynky",NA,"https://t.me/lost_warinua/58848",NA,"Z","Russia","Armor",NA,NA
"54","Armoured Fighting Vehicles","BTR-82A(M)","Destroyed","Russia",NA,2023-12-03,"Kherson oblast","https://twitter.com/NOELreports/status/1731432526881702002","https://twitter.com/NOELreports/status/1731432526881702002",NA,"Turretless,Loitering","Russia","Armor",NA,NA
"55","Armoured Fighting Vehicles","BTR-82A(M)","Destroyed","Russia",NA,2023-11-25,"Krynky","https://i.postimg.cc/9FGLgBFC/1048-btr82a-destr-25-11-23.jpg","https://t.me/lost_warinua/57619","46.749083,33.129","Loitering","Russia","Armor",46.749083,33.129
"56","Armoured Fighting Vehicles","BTR-82A(M)","Destroyed","Russia",NA,2023-11-24,"Krynky","https://i.postimg.cc/XNBHdbRZ/1049-btr82a-destr-24-11-23.jpg","https://t.me/lost_warinua/57493","46.722944,33.075806","Loitering","Russia","Armor",46.722944,33.075806
"57","Armoured Fighting Vehicles","BTR-82A(M)","Destroyed","Russia",NA,2023-11-16,"Krynky","https://i.postimg.cc/2jgsH3Vc/1033-btr82a-destr-16-11-23.jpg","https://t.me/lost_warinua/56801",NA,"Turretless","Russia","Armor",NA,NA
"58","Armoured Fighting Vehicles","BTR-82A(M)","Destroyed","Russia",NA,2023-11-10,"Krynky","https://i.postimg.cc/j5GfhQPk/1024-BTR-82-A-destr-10-11-23.jpg","https://t.me/lost_warinua/56278",NA,"Turretless,Z,Shattered","Russia","Armor",NA,NA
"59","Armoured Fighting Vehicles","BTR-82A(M)","Destroyed","Russia",NA,2023-11-05,"Korsunka","https://twitter.com/NOELreports/status/1731432526881702002","https://t.me/lost_warinua/55819","46.759389,33.202056","Shattered,Turretless","Russia","Armor",46.759389,33.202056
"60","Armoured Fighting Vehicles","BTR-82A(M)","Destroyed","Russia",NA,2023-11-04,"Krynky","https://i.postimg.cc/vH26D35B/1034-2x-btr82a-destr-04-11-23.jpg","https://t.me/lost_warinua/55610","46.738333,33.098611","Z,V,Loitering,O","Russia","Armor",46.738333,33.098611
"61","Armoured Fighting Vehicles","BTR-82A(M)","Destroyed","Russia",NA,2023-11-04,"Krynky","https://i.postimg.cc/vH26D35B/1034-2x-btr82a-destr-04-11-23.jpg","https://t.me/lost_warinua/55604","46.738333,33.098611","Turretless,Loitering","Russia","Armor",46.738333,33.098611
"62","Armoured Fighting Vehicles","BTR-82A(M)","Destroyed","Russia",NA,2023-11-02,"Korsunka","https://twitter.com/bayraktar_1love/status/1720163629692027217","https://t.me/lost_warinua/55297","46.754083,33.195722","Turretless,Z,Loitering","Russia","Armor",46.754083,33.195722
"63","Armoured Fighting Vehicles","BTR-82A(M)","Destroyed","Russia",NA,2023-11-02,"Korsunka","https://twitter.com/bayraktar_1love/status/1720163629692027217","https://t.me/lost_warinua/55290","46.754083,33.197194","Loitering","Russia","Armor",46.754083,33.197194
"64","Armoured Fighting Vehicles","BTR-82A(M)","Destroyed","Russia",NA,2023-11-02,"Korsunka",NA,"https://t.me/lost_warinua/55286","46.754722,33.198361","Loitering","Russia","Armor",46.754722,33.198361
"65","Armoured Fighting Vehicles","BTR-82A(M)","Destroyed","Russia",NA,2023-11-02,"Korsunka","https://twitter.com/bayraktar_1love/status/1720163629692027217","https://t.me/lost_warinua/55278","46.74525,33.200778","Turretless,Loitering","Russia","Armor",46.74525,33.200778
"66","Armoured Fighting Vehicles","BTR-82A(M)","Destroyed","Russia",NA,2023-11-01,"Korsunka",NA,"https://t.me/lost_warinua/55109","46.7589,33.19709","Loitering","Russia","Armor",46.7589,33.19709
"67","Armoured Fighting Vehicles","BTR-82A(M)","Destroyed","Russia",NA,2023-11-01,"Krynky","https://twitter.com/wartranslated/status/1720000649419534626","https://t.me/lost_warinua/55100","46.74903,33.1292","Loitering,Turretless","Russia","Armor",46.74903,33.1292
"68","Armoured Fighting Vehicles","BTR-82A(M)","Destroyed","Russia",NA,2023-11-01,"Krynky","https://twitter.com/wartranslated/status/1720000649419534626","https://t.me/lost_warinua/55090","46.73959,33.10325","V,Loitering","Russia","Armor",46.73959,33.10325
"69","Armoured Fighting Vehicles","BTR-82A(M)","Destroyed","Russia",NA,2023-10-29,"Krynky","https://i.postimg.cc/8cy50k7R/1015-btr82a-destr-29-10-23.jpg","https://t.me/lost_warinua/54709","46.738028,33.098056","Loitering","Russia","Armor",46.738028,33.098056
"70","Armoured Fighting Vehicles","BTR-82A(M)","Destroyed","Russia",NA,2023-10-29,"Korsunka","https://i.postimg.cc/zvDv7HGD/1014-btr82a-destr-29-10-23.jpg","https://t.me/lost_warinua/54703","46.745972,33.200611",NA,"Russia","Armor",46.745972,33.200611
"71","Armoured Fighting Vehicles","BTR-82A(M)","Destroyed","Russia",NA,2023-10-19,"Sahy","https://i.postimg.cc/RVjxTYV6/1033-btr82a-destr-20-10-23.jpg","https://t.me/lost_warinua/53313","46.598714,32.868536",NA,"Russia","Armor",46.598714,32.868536
"72","Armoured Fighting Vehicles","BTR-82AT","Destroyed","Russia",NA,2024-01-04,"Krynky","https://i.postimg.cc/sxsY12GM/1027-BTR-82-AT-destr-04-01-24.jpg","https://t.me/lost_warinua/61681","46.72375,33.061083","Loitering,∆","Russia","Armor",46.72375,33.061083
"73","Armoured Fighting Vehicles","BTR-82AT","Destroyed","Russia",NA,2024-01-03,"Kozachi Laheri","https://i.postimg.cc/s2G9NqRg/1024-BTR-82-AT-destr-03-01-24.jpg","https://t.me/robert_magyar/774","46.706246,33.003346",NA,"Russia","Armor",46.706246,33.003346
"74","Armoured Fighting Vehicles","BTR-D","Destroyed","Russia","328th Air Assault Regiment",2023-11-16,"Krynky","https://i.postimg.cc/bvMjrkfd/1056-btr-d-destr-16-11-23.jpg","https://t.me/lost_warinua/56813","46.704028,33.110139","V","Russia","Armor",46.704028,33.110139
"75","Armoured Fighting Vehicles","Unknown IFV","Destroyed","Russia",NA,2023-11-19,"Tarasivka","https://i.postimg.cc/GpqZxrVq/1007-unkn-vehicle-destr-19-11-23.jpg","https://t.me/flyingskull/76","46.424611,33.056278",NA,"Russia","Armor",46.424611,33.056278
"76","Infantry Mobility Vehicles","GAZ Tigr-M","Destroyed","Russia",NA,2023-10-25,"Pidstepne","https://i.postimg.cc/dVJBZFfp/1014-Tigr-M-destr-25-10-23.jpg","https://t.me/lost_warinua/54249","46.691241,32.882207",NA,"Russia","Infantry Mobility Vehicles",46.691241,32.882207
"77","Infantry Mobility Vehicles","KamAZ-53949 'Linza'","Destroyed","Russia",NA,2023-12-19,"Krynky","https://i.postimg.cc/8PWQJj98/1031-Kam-AZ-53949-Linza-destr-19-12-23.jpg","https://t.me/lost_warinua/60198",NA,"Loitering,Z","Russia","Infantry Mobility Vehicles",NA,NA
"78","Infantry Mobility Vehicles","Unknown IMV","Destroyed","Russia",NA,2023-12-28,"Oleshky","https://twitter.com/GloOouD/status/1740673120527098236","https://t.me/ssternenko/23817","46.62513,32.72548","Loitering","Russia","Infantry Mobility Vehicles",46.62513,32.72548
"79","MLRS","122mm BM-21 'Grad'","Damaged","Russia",NA,2023-11-05,"Brylivka","https://i.postimg.cc/LsBRvcrv/1045-bm21-dam-05-11-23.jpg","https://t.me/lost_warinua/55630","46.430472,33.144361",NA,"Russia","Artillery",46.430472,33.144361
"80","MLRS","220mm BM-27 'Uragan'","Damaged","Russia",NA,2024-01-16,"Brylivka",NA,"https://t.me/lost_warinua/62673","46.433461,33.140780",NA,"Russia","Artillery",46.433461,33.14078
"81","MLRS","220mm BM-27 'Uragan'","Damaged","Russia",NA,2024-01-16,"Brylivka",NA,"https://t.me/lost_warinua/62673","46.433461,33.140780",NA,"Russia","Artillery",46.433461,33.14078
"82","MLRS","122mm 2B26 'Grad-K'","Destroyed","Russia",NA,2023-11-24,"Kostohryzove","https://i.postimg.cc/h4H4gVWX/1031-2-B26-Grad-K-destr-24-11-23.jpg","https://t.me/lost_warinua/57515","46.504917,32.802765",NA,"Russia","Artillery",46.504917,32.802765
"83","MLRS","122mm 9P138 'Grad-1'","Destroyed","Russia",NA,2024-01-06,"Chelburda","https://i.postimg.cc/d3cxC9dG/1009-unkn-mrls-destr-06-01-24.jpg","https://t.me/lost_warinua/61816","46.619222,32.958861",NA,"Russia","Artillery",46.619222,32.958861
"84","MLRS","122mm BM-21 'Grad'","Destroyed","Russia",NA,2024-01-16,"Nova Zburiivka","https://twitter.com/bayraktar_1love/status/1747154030856409560","https://t.me/lost_warinua/62667","46.470053,32.521812",NA,"Russia","Artillery",46.470053,32.521812
"85","MLRS","122mm BM-21 'Grad'","Destroyed","Russia",NA,2023-12-25,"Krynky","https://i.postimg.cc/gc1WrTMc/1040-bm21-destr-25-12-23.jpg","https://t.me/robert_magyar/763","46.703668108916716,33.11609168825612",NA,"Russia","Artillery",46.7036681089167,33.1160916882561
"86","MLRS","122mm BM-21 'Grad'","Destroyed","Russia",NA,2023-12-20,"Chelburda","https://i.postimg.cc/fbHXsgTK/1001-bm21-destr-20-12-23.jpg","https://t.me/lost_warinua/60206","46.613111,32.964611",NA,"Russia","Artillery",46.613111,32.964611
"87","MLRS","122mm BM-21 'Grad'","Destroyed","Russia",NA,2023-11-05,"Brylivka","https://i.postimg.cc/DZvhNChh/1046-bm21-destr-05-11-23.jpg","https://t.me/lost_warinua/55630","46.430472,33.144361",NA,"Russia","Artillery",46.430472,33.144361
"88","MLRS","220mm BM-27 'Uragan'","Destroyed","Russia",NA,2023-12-20,"Abrykosivka","https://i.postimg.cc/vTn6WY7q/1003-bm27-and-transloader-destr-21-12-23.jpg","https://t.me/lost_warinua/60377","46.466652,33.053715","Flipped","Russia","Artillery",46.466652,33.053715
"89","MLRS","220mm BM-27 'Uragan'","Destroyed","Russia",NA,2023-12-20,"Abrykosivka","https://i.postimg.cc/44HtCPC6/1002-bm27-destr-21-12-23.jpg","https://t.me/lost_warinua/60371","46.467556,33.058917",NA,"Russia","Artillery",46.467556,33.058917
"90","MLRS","220mm BM-27 'Uragan'","Destroyed","Russia",NA,2023-10-15,"Nova Maiachka","https://twitter.com/bayraktar_1love/status/1713546996118655013","https://t.me/lost_warinua/52805","46.630056,33.272333","Shattered","Russia","Artillery",46.630056,33.272333
"91","MLRS","220mm TOS-1A","Destroyed","Russia",NA,2023-12-21,"Krynky","https://i.postimg.cc/1zR6LZPX/1000-tos1a-destr-21-12-23.jpg","https://t.me/robert_magyar/757","46.690703,33.127175","Turretless,Shattered","Russia","Artillery",46.690703,33.127175
"92","MLRS","220mm TOS-1A","Destroyed","Russia",NA,2023-12-17,"Krynky","https://i.postimg.cc/0NDCkMw4/1000-tos1a-destr-18-12-23.jpg","https://t.me/lost_warinua/60084","46.692266,33.126383","Shattered,Turretless","Russia","Artillery",46.692266,33.126383
"93","MLRS","220mm TOS-1A","Destroyed","Russia",NA,2023-11-30,"Kozachi Laheri","https://twitter.com/NOELreports/status/1730131015820058877","https://t.me/lost_warinua/58035","46.68793,33.02266","Turretless","Russia","Artillery",46.68793,33.02266
"94","MLRS","220mm TOS-1A","Destroyed","Russia",NA,2023-11-17,"Krynky","https://twitter.com/bayraktar_1love/status/1725444040441667859","https://t.me/lost_warinua/56820","46.69102,33.12691","Cope cage","Russia","Artillery",46.69102,33.12691
"95","Radars and Jammers","1K148 Yastreb-AV"" artillery reconnaissance complex""","Destroyed","Russia",NA,2024-01-02,"Morozivka","https://twitter.com/bayraktar_1love/status/1742217579303772338","https://t.me/lost_warinua/61486","46.49825,33.346389",NA,"Russia","Radars and Jammers",46.49825,33.346389
"96","Radars and Jammers","Leer-2 electronic warfare system","Destroyed","Russia",NA,2023-11-08,"Obryvka","https://twitter.com/bayraktar_1love/status/1722291702134620263","https://t.me/lost_warinua/56066","46.675628,33.180994",NA,"Russia","Radars and Jammers",46.675628,33.180994
"97","Radars and Jammers","RB-636AM2 Svet-KU EW system","Destroyed","Russia",NA,2023-11-12,"Kherson oblast","https://twitter.com/bayraktar_1love/status/1723774116744847552","https://t.me/lost_warinua/56504",NA,NA,"Russia","Radars and Jammers",NA,NA
"98","Self-propelled artillery","152mm 2S19 'Msta-S'","Destroyed","Russia",NA,2024-01-18,"Kherson oblast",NA,"https://t.me/lost_warinua/62952",NA,NA,"Russia","Artillery",NA,NA
"99","Self-propelled artillery","152mm 2S19 'Msta-S'","Destroyed","Russia",NA,2024-01-11,"Nova Maiachka","https://i.postimg.cc/nrKwGQYg/1031-msta-s-destr-11-01-24.jpg","https://t.me/lost_warinua/62316","46.64257,33.18986",NA,"Russia","Artillery",46.64257,33.18986
"100","Self-propelled artillery","152mm 2S19 'Msta-S'","Destroyed","Russia",NA,2023-12-30,"Kherson oblast","https://twitter.com/bayraktar_1love/status/1741157545555775986","https://t.me/lost_warinua/61248",NA,NA,"Russia","Artillery",NA,NA
"101","Self-propelled artillery","152mm 2S3(M) 'Akatsiya'","Destroyed","Russia",NA,2023-11-26,"Kozachi Laheri","https://i.postimg.cc/8zZbfpbr/1022-2s3-destr-26-11-23.jpg","https://t.me/lost_warinua/57681","46.699556,32.94925",NA,"Russia","Artillery",46.699556,32.94925
"102","Self-propelled artillery","152mm 2S5 'Giatsint-S'","Destroyed","Russia",NA,2023-12-19,"Kherson oblast","https://twitter.com/bayraktar_1love/status/1737394228248908270","https://t.me/lost_warinua/60172",NA,NA,"Russia","Artillery",NA,NA
"103","Self-propelled artillery","203mm 2S7(M) 'Pion'/'Malka'","Destroyed","Russia",NA,2023-12-30,"Podo-Kalynivka","https://twitter.com/NOELreports/status/1741044540050448593",NA,"46.547111,33.110139",NA,"Russia","Artillery",46.547111,33.110139
"104","Self-propelled artillery","203mm 2S7(M) 'Pion'/'Malka'","Destroyed","Russia",NA,2023-12-04,"Kostohryzove","https://twitter.com/NOELreports/status/1732011572074037673","https://t.me/lost_warinua/58462","46.529588,32.838262",NA,"Russia","Artillery",46.529588,32.838262
"105","Self-propelled artillery","240mm 2S4 'Tyulpan'","Destroyed","Russia",NA,2023-10-16,"Oleshky","https://i.postimg.cc/PJw32tNW/1030-2s4-destr-16-10-23.jpg","https://t.me/lost_warinua/53041?comment=232538","46.622304,32.897002","Shattered","Russia","Artillery",46.622304,32.897002
"106","Tanks","T-62M Obr. 2022","Damaged","Russia",NA,2023-11-24,"Krynky","https://i.postimg.cc/Pr1rDf8q/1008-T-62-M-Obr-2022-aband-24-11-23.jpg","https://t.me/lost_warinua/57497",NA,"Z","Russia","Armor",NA,NA
"107","Tanks","T-62M Obr. 2022","Damaged","Russia","70th Motor Rifle Division",2023-11-16,"Krynky","https://i.postimg.cc/pT68MBGL/1025-t62m-2022-dam-16-11-23.jpg","https://t.me/lost_warinua/56756","46.756480,33.150745","Loitering","Russia","Armor",46.75648,33.150745
"108","Tanks","T-62M Obr. 2022","Destroyed","Russia",NA,2023-12-25,"Krynky","https://i.postimg.cc/Dy8vHhRg/1042-T-62-M-Obr-2022-destr-25-12-23.jpg","https://t.me/robert_magyar/763",NA,NA,"Russia","Armor",NA,NA
"109","Tanks","T-62MV","Destroyed","Russia",NA,2023-12-11,"Krynky","https://i.postimg.cc/YqjGfKC1/1059-t62mv-destr-11-12-23.jpg","https://t.me/lost_warinua/59334",NA,NA,"Russia","Armor",NA,NA
"110","Tanks","T-72 *","Destroyed","Russia",NA,2024-01-08,"Krynky","https://twitter.com/GirkinGirkin/status/1744352389031665976","https://t.me/lost_warinua/62093","46.735861,33.092028","Turretless,Shattered,Loitering","Russia","Armor",46.735861,33.092028
"111","Tanks","T-72 *","Destroyed","Russia",NA,2023-12-11,"Krynky","https://twitter.com/NOELreports/status/1734283077004743148","https://twitter.com/NOELreports/status/1734283077004743148",NA,"Cope cage","Russia","Armor",NA,NA
"112","Tanks","T-72B Obr. 2022","Destroyed","Russia","70th Motor Rifle Division",2023-11-11,"Kherson oblast","https://i.postimg.cc/QNP4RQNS/1016-T-72-B-Obr-2022-destr-11-11-23.jpg","https://x.com/naalsio26/status/1723557046077771848?s=20",NA,"Turretless","Russia","Armor",NA,NA
"113","Tanks","T-72B Obr. 2022","Destroyed","Russia","70th Motor Rifle Division",2023-10-16,"Sahy","https://i.postimg.cc/G2LMML3Z/1006-t72b-2022-destr-20-12-23.jpg","https://t.me/lost_warinua/60162","46.607522,32.802855","Turretless","Russia","Armor",46.607522,32.802855
"114","Tanks","T-72B3 Obr. 2022","Destroyed","Russia",NA,2024-01-02,"Kozachi Laheri","https://i.postimg.cc/L6rf9F7t/1324-t72b3-2022-destr-13-12-23.jpg","https://t.me/robert_magyar/774","46.706167,33.003167","Turretless,Shattered,Cope cage","Russia","Armor",46.706167,33.003167
"115","Tanks","T-72B3 Obr. 2022","Destroyed","Russia",NA,2023-12-27,"Krynky","https://i.postimg.cc/ZRcky3nb/1000-t72b3-obr2022-destr-27-12-23.jpg","https://t.me/robert_magyar/766","46.729943013318454,33.07740806572872","Turretless,V,Cope cage,☐,Loitering","Russia","Armor",46.7299430133185,33.0774080657287
"116","Tanks","T-72B3 Obr. 2022","Destroyed","Russia",NA,2023-12-11,"Krynky","https://i.postimg.cc/cJjddx4w/1021-t72b-2022-dam-aband-09-12-23.jpg","https://t.me/robert_magyar/730","46.730692368864176,33.07936667089626","Turretless,V,Cope cage,☐,Loitering","Russia","Armor",46.7306923688642,33.0793666708963
"117","Tanks","T-90M","Destroyed","Russia",NA,2023-12-18,"Krynky","https://twitter.com/bayraktar_1love/status/1736706423969427948","https://t.me/lost_warinua/59966","46.7405,33.136806","Loitering","Russia","Armor",46.7405,33.136806
"118","Tanks","T-90M","Destroyed","Russia","26th Motor Rifle Regiment",2023-11-24,"Krynky","https://i.postimg.cc/fWGRkSyF/1009-t90m-destr-24-11-23.jpg","https://t.me/lost_warinua/57505","46.727778,33.076056","Cope cage,Loitering","Russia","Armor",46.727778,33.076056
"119","Tanks","T-90M","Destroyed","Russia",NA,2023-10-29,"Chelburda","https://twitter.com/bayraktar_1love/status/1718665324260647079","https://t.me/ssternenko/22002","46.6200963,32.8902122","Loitering","Russia","Armor",46.6200963,32.8902122
"120","Tanks","T-90M","Destroyed","Russia","26th Motor Rifle Regiment",2023-10-24,"Krynky","https://twitter.com/bayraktar_1love/status/1717282837173330045","https://t.me/lost_warinua/54298","46.72669,33.14376","Turretless,Shattered,Loitering","Russia","Armor",46.72669,33.14376
"121","Tanks","Unknown T-72 Obr. 2022 variant","Destroyed","Russia",NA,2023-12-19,"Krynky","https://twitter.com/NOELreports/status/1737006476856598888","https://t.me/lost_warinua/60119","46.713944,33.062778","Turretless,Shattered,Loitering,V,Cope cage","Russia","Armor",46.713944,33.062778
"122","Tanks","Unknown T-72 Obr. 2022 variant","Destroyed","Russia",NA,2023-12-09,"Krynky","https://i.postimg.cc/kMSczFYv/1024-t72b-2022-destr-09-12-23.jpg","https://t.me/robert_magyar/724","46.7250967251,33.0644594768","V,Cope cage,Loitering,☐","Russia","Armor",46.7250967251,33.0644594768
"123","Tanks","Unknown T-72 Obr. 2022 variant","Destroyed","Russia",NA,2023-12-09,"Krynky","https://i.postimg.cc/GmLxB0LX/1018-t72b-2022-destr-09-12-23.jpg","https://t.me/robert_magyar/724","46.728639,33.075139","Cope cage,☐,V,Loitering,Turretless,Shattered","Russia","Armor",46.728639,33.075139
"124","Tanks","Unknown T-72 Obr. 2022 variant","Destroyed","Russia",NA,2023-10-25,"Krynky","https://twitter.com/bayraktar_1love/status/1717282837173330045","https://t.me/lost_warinua/54305","46.73898371948774,33.10090697083812","Turretless","Russia","Armor",46.7389837194877,33.1009069708381
"125","Tanks","Unknown tank","Destroyed","Russia",NA,2024-01-06,"Krynky","https://i.postimg.cc/Pq3W4DyR/1028-unkn-tank-destr-06-01-24.jpg","https://t.me/lost_warinua/62387","46.727083,33.06975",NA,"Russia","Armor",46.727083,33.06975
"126","Towed artillery","122mm 2A18 D-30 howitzer","Damaged","Russia",NA,2023-12-09,"Kherson oblast","https://i.postimg.cc/c4XpXBdj/1038-d30-dam-15-12-23.jpg","https://t.me/russianocontext/1488?single",NA,NA,"Russia","Artillery",NA,NA
"127","Towed artillery","122mm 2A18 D-30 howitzer","Damaged","Russia",NA,2023-11-08,"Obryvka",NA,"https://t.me/lost_warinua/56072","46.655556,33.188194",NA,"Russia","Artillery",46.655556,33.188194
"128","Towed artillery","152mm D-20 gun-howitzer","Damaged","Russia",NA,2023-10-17,"Kherson oblast","https://i.postimg.cc/QdN2qKRP/1059-d20-dam-17-10-23.jpg","https://t.me/lost_warinua/53290",NA,NA,"Russia","Artillery",NA,NA
"129","Towed artillery","122mm 2A18 D-30 howitzer","Destroyed","Russia",NA,2023-12-09,"Kherson oblast","https://i.postimg.cc/3xNP60Rw/1039-d30-destr-15-12-23.jpg","https://t.me/russianocontext/1488?single",NA,NA,"Russia","Artillery",NA,NA
"130","Towed artillery","152mm 2A65 'Msta-B' howitzer","Destroyed","Russia",NA,2023-10-26,"Kherson oblast","https://i.postimg.cc/Rh4Dsf8Y/1024-Msta-B-destr-30-10-23.jpg","https://t.me/lost_warinua/54391",NA,NA,"Russia","Artillery",NA,NA
"131","Towed artillery","152mm D-20 gun-howitzer","Destroyed","Russia",NA,2023-11-03,"Nechaieve","https://i.postimg.cc/jSfRnwcp/1044-d20-destr-03-11-23.jpg","https://t.me/lost_warinua/55616","46.578472,32.765556",NA,"Russia","Artillery",46.578472,32.765556
"132","Trucks","UAZ-39094","Damaged","Russia",NA,2023-12-19,"Krynky","https://i.postimg.cc/cHQJ00Yw/1032-UAZ-39094-destr-19-12-23.jpg","https://t.me/robert_magyar/753",NA,"Loitering","Russia","Trucks",NA,NA
"133","Trucks","UAZ-452","Damaged","Russia",NA,2023-12-23,"Krynky","https://i.postimg.cc/90mb24CP/1004-uaz452-dam-23-12-23.jpg","https://t.me/robert_magyar/760",NA,"Loitering","Russia","Trucks",NA,NA
"134","Trucks","UAZ-452","Damaged","Russia",NA,2023-11-18,"Pidstepne","https://i.postimg.cc/2yBMYW6K/1002-uaz452-dam-18-11-23.jpg","https://t.me/supernova_plus/25866",NA,NA,"Russia","Trucks",NA,NA
"135","Trucks","Ural-4320","Damaged","Russia",NA,2023-12-19,"Nova Maiachka","https://twitter.com/bayraktar_1love/status/1737394228248908270","https://t.me/WS_videos/1873","46.599566,33.224091",NA,"Russia","Trucks",46.599566,33.224091
"136","Trucks","Ural-4320","Damaged","Russia","35th Separate Motor Rifle Brigade",2023-11-10,"Hladkivka","https://twitter.com/bayraktar_1love/status/1723050296195084436","https://t.me/lost_warinua/56324","46.414638,32.645532",NA,"Russia","Trucks",46.414638,32.645532
"137","Trucks","Ural-4320","Damaged","Russia",NA,2023-10-25,"Vynohradne","https://i.postimg.cc/6pfgZMmv/1030-Ural-4320-dam-25-10-23.jpg","https://t.me/lost_warinua/54356","46.472639,32.186639",NA,"Russia","Trucks",46.472639,32.186639
"138","Trucks","9T452 transloader for BM-27 'Uragan' MRL","Destroyed","Russia",NA,2023-12-20,"Abrykosivka","https://i.postimg.cc/vTn6WY7q/1003-bm27-and-transloader-destr-21-12-23.jpg","https://t.me/lost_warinua/60377","46.466722,33.053778",NA,"Russia","Trucks",46.466722,33.053778
"139","Trucks","KamAZ 4x4","Destroyed","Russia",NA,2024-01-15,"Krynky",NA,"https://t.me/lost_warinua/62965",NA,NA,"Russia","Trucks",NA,NA
"140","Trucks","KamAZ 4x4","Destroyed","Russia",NA,2023-12-19,"Krynky","https://i.postimg.cc/Gt8TRkXS/1034-Kam-AZ-4x4-destr-19-12-23.jpg","https://t.me/robert_magyar/753",NA,"Loitering","Russia","Trucks",NA,NA
"141","Trucks","KamAZ 4x4","Destroyed","Russia",NA,2023-10-24,"Kherson oblast","https://i.postimg.cc/9FJChwBc/1002-kamaz4x4-destr-25-10-23.jpg","https://t.me/lost_warinua/54207",NA,"Loitering","Russia","Trucks",NA,NA
"142","Trucks","KamAZ 6x6","Destroyed","Russia",NA,2024-01-18,"Krynky",NA,"https://t.me/lost_warinua/62969",NA,NA,"Russia","Trucks",NA,NA
"143","Trucks","KamAZ 6x6","Destroyed","Russia",NA,2023-11-29,"Kherson oblast","https://i.postimg.cc/ZY6M0t04/1034-Kam-AZ-6x6-destr-29-11-23.jpg","https://t.me/lost_warinua/57957",NA,NA,"Russia","Trucks",NA,NA
"144","Trucks","KamAZ 6x6","Destroyed","Russia",NA,2023-11-20,"Kherson oblast","https://i.postimg.cc/FKqKVQvr/1013-kamaz6x6-destr-20-11-23.jpg","https://t.me/lost_warinua/57168",NA,NA,"Russia","Trucks",NA,NA
"145","Trucks","KamAZ 6x6","Destroyed","Russia",NA,2023-11-20,"Kherson oblast","https://i.postimg.cc/hjdtC349/1014-kamaz6x6-destr-20-11-23.jpg","https://t.me/lost_warinua/57167",NA,NA,"Russia","Trucks",NA,NA
"146","Trucks","KamAZ 6x6","Destroyed","Russia",NA,2023-11-02,"Krynky","https://i.postimg.cc/FsQwxFwY/1033-Kam-AZ-6x6-destr-02-11-23.jpg","https://t.me/lost_warinua/57953",NA,"V","Russia","Trucks",NA,NA
"147","Trucks","KamAZ 6x6","Destroyed","Russia",NA,2023-10-27,"Kherson oblast","https://i.postimg.cc/BvhzYXsZ/1026-Kam-AZ-6x6-destr-27-10-23.jpg","https://t.me/lost_warinua/54568",NA,"Loitering","Russia","Trucks",NA,NA
"148","Trucks","KamAZ 6x6","Destroyed","Russia",NA,2023-10-25,"Vynohradne","https://i.postimg.cc/rwk7zBQT/1031-Kam-AZ-6x6-destr-25-10-23.jpg","https://t.me/lost_warinua/54350","46.471028,32.187389","Loitering","Russia","Trucks",46.471028,32.187389
"149","Trucks","MAZ 531605 tanker","Destroyed","Russia",NA,2023-11-21,"Kherson oblast","https://i.postimg.cc/1R60ycnT/1023-MAZ-531605-tanker-destr-26-11-23.jpg","https://t.me/lost_warinua/57629",NA,NA,"Russia","Trucks",NA,NA
"150","Trucks","MAZ 531605 tanker","Destroyed","Russia",NA,2023-11-07,"Novi Laheri","https://i.postimg.cc/T1FVjZ01/1030-MAZ-531605-tanker-destr-07-11-23.jpg","https://t.me/lost_warinua/56316","46.735278,33.203611",NA,"Russia","Trucks",46.735278,33.203611
"151","Trucks","UAZ-452","Destroyed","Russia",NA,2024-01-10,"Krynky","https://i.postimg.cc/xjM6N7RZ/1017-uaz452-destr-10-01-24.jpg","https://t.me/robert_magyar/779","46.756614,33.150541","Cope cage,Loitering","Russia","Trucks",46.756614,33.150541
"152","Trucks","UAZ-452","Destroyed","Russia",NA,2023-12-23,"Krynky","https://i.postimg.cc/FFpGZxVT/1003-uaz452-destr-23-12-23.jpg","https://t.me/robert_magyar/760",NA,"Loitering","Russia","Trucks",NA,NA
"153","Trucks","UAZ-452","Destroyed","Russia",NA,2023-12-05,"Krynky",NA,"https://t.me/robert_magyar/763","46.7036908984424,33.116400701272",NA,"Russia","Trucks",46.7036908984424,33.116400701272
"154","Trucks","UAZ-452","Destroyed","Russia",NA,2023-12-05,"Krynky","https://i.postimg.cc/Y0cpxn3X/1022-uaz452-destr-05-12-23.jpg","https://t.me/robert_magyar/717","46.70372969886395,33.115675695254495",NA,"Russia","Trucks",46.703729698864,33.1156756952545
"155","Trucks","UAZ-452","Destroyed","Russia",NA,2023-11-13,"Pishchanivka","https://i.postimg.cc/15qGgQxH/1050-uaz452-destr-13-11-23.jpg","https://t.me/ssternenko/22539","46.646809,32.845412","Loitering","Russia","Trucks",46.646809,32.845412
"156","Trucks","UAZ-452","Destroyed","Russia",NA,2023-11-13,"Pishchanivka","https://i.postimg.cc/Pqk4QHzk/1002-uaz452-destr-13-11-23.jpg","https://t.me/escadrone/815",NA,"Z","Russia","Trucks",NA,NA
"157","Trucks","UAZ-452","Destroyed","Russia",NA,2023-10-16,"Pishchanivka","https://i.postimg.cc/RZdWNKGt/1026-uaz452-destr-17-10-23.jpg","https://t.me/WS_videos/1661","46.643950,32.815829","Loitering","Russia","Trucks",46.64395,32.815829
"158","Trucks","Ural-4320","Destroyed","Russia",NA,2024-01-14,"Kozachi Laheri",NA,"https://t.me/lost_warinua/62533","46.73001,33.20498",NA,"Russia","Trucks",46.73001,33.20498
"159","Trucks","Ural-4320","Destroyed","Russia",NA,2023-12-13,"Kherson oblast","https://i.postimg.cc/Jnnn1yr6/1010-Ural-4320-destr-13-12-23.jpg","https://t.me/lost_warinua/61226",NA,NA,"Russia","Trucks",NA,NA
"160","Trucks","Ural-4320","Destroyed","Russia",NA,2023-12-06,"Krynky",NA,"https://t.me/lost_warinua/58841","46.69905,33.12278",NA,"Russia","Trucks",46.69905,33.12278
"161","Trucks","Ural-4320","Destroyed","Russia",NA,2023-11-25,"Krynky",NA,"https://t.me/lost_warinua/57985",NA,NA,"Russia","Trucks",NA,NA
"162","Trucks","Ural-4320","Destroyed","Russia",NA,2023-11-19,"Krynky","https://i.postimg.cc/HxnFSRCH/1003-kamaz8x8-destr-19-11-23.jpg","https://t.me/lost_warinua/57120","46.699528,33.079889","Shattered","Russia","Trucks",46.699528,33.079889
"163","Trucks","Ural-4320","Destroyed","Russia",NA,2023-11-11,"Oleshky","https://i.postimg.cc/3rZ4mxvq/1027-ural4320-destr-11-11-23.jpg","https://t.me/lost_warinua/60095",NA,NA,"Russia","Trucks",NA,NA
"164","Trucks","Ural-4320","Destroyed","Russia",NA,2023-11-09,"Korsunka",NA,"https://t.me/lost_warinua/56156","46.758889,33.201111",NA,"Russia","Trucks",46.758889,33.201111
"165","Trucks","Ural-4320","Destroyed","Russia",NA,2023-10-27,"Kherson oblast","https://i.postimg.cc/44YD0bmD/1027-Ural-4320-destr-27-10-23.jpg","https://t.me/lost_warinua/54568",NA,"O,∇","Russia","Trucks",NA,NA
"166","Trucks","Ural-4320","Destroyed","Russia",NA,2023-10-16,"Pishchanivka","https://i.postimg.cc/Y92vg1mB/1030-Ural-4320-destr-16-10-23.jpg","https://t.me/lost_warinua/54229","46.61727,32.88167",NA,"Russia","Trucks",46.61727,32.88167
"167","Trucks","Ural-43206","Destroyed","Russia",NA,2023-12-23,"Krynky","https://i.postimg.cc/63LcFVJ5/1002-ural43206-destr-23-12-23.jpg","https://t.me/robert_magyar/760",NA,"Loitering,∆","Russia","Trucks",NA,NA
"168","Trucks","Ural-43206","Destroyed","Russia",NA,2023-12-19,"Krynky","https://i.postimg.cc/zGLX3zN4/1033-Ural-43206-destr-19-12-23.jpg","https://t.me/robert_magyar/753","46.704050572599414,33.11194628187419",NA,"Russia","Trucks",46.7040505725994,33.1119462818742
"169","Trucks","Ural-43206","Destroyed","Russia",NA,2023-11-19,"Krynky","https://i.postimg.cc/HjDKkL8s/1004-ural43206-destr-19-11-23.jpg","https://t.me/lost_warinua/57120","46.699086,33.079795","Z,Loitering","Russia","Trucks",46.699086,33.079795
"170","Trucks","Ural-43206","Destroyed","Russia","35th Separate Motor Rifle Brigade",2023-11-10,"Hladkivka","https://twitter.com/bayraktar_1love/status/1723050296195084436","https://t.me/lost_warinua/56324","46.414600,32.645370",NA,"Russia","Trucks",46.4146,32.64537
"171","Anti-aircraft systems","9A310M1 TELAR (for Buk-M1)","Damaged","Ukraine",NA,2024-01-19,"Kherson oblast",NA,"https://t.me/lost_warinua/63018",NA,NA,"Ukraine","Anti-aircraft systems",NA,NA
"172","Anti-aircraft systems","9A39M1 TEL (for Buk-M1)","Destroyed","Ukraine",NA,2023-10-27,"Pravdyne","https://i.postimg.cc/d17NtHKN/2004-2-S6-Tunguska-destr-27-10-23.jpg","https://t.me/lost_warinua/54509","46.732278,32.213750","Loitering","Ukraine","Anti-aircraft systems",46.732278,32.21375
"173","Anti-aircraft systems","9K35 'Strela-10'","Destroyed","Ukraine",NA,2024-01-12,"Inhulets","https://i.postimg.cc/cCyqXt5W/2022-strela10-destr-13-01-24.jpg","https://t.me/lost_warinua/62451","46.819583,32.855472","Loitering","Ukraine","Anti-aircraft systems",46.819583,32.855472
"174","Drones","A1-SM Fury reconnaissance UAV","Captured","Ukraine",NA,2024-01-06,"Kherson oblast","https://i.postimg.cc/bJPsJWn7/2003-A1-SM-Furia-uav-capt-08-01-24.jpg","https://t.me/lost_warinua/61847",NA,NA,"Ukraine","Drones",NA,NA
"175","Drones","AeroVironment RQ-20 Puma UAV","Captured","Ukraine",NA,2023-11-24,"Kherson oblast",NA,"https://t.me/lost_warinua/57626",NA,NA,"Ukraine","Drones",NA,NA
"176","Drones","AeroVironment RQ-20 Puma UAV","Destroyed","Ukraine",NA,2023-12-17,"Kherson raion","https://i.postimg.cc/Y07BnwsS/2010-rq20-puma-destr-17-12-23.jpg","https://t.me/lost_warinua/59905",NA,NA,"Ukraine","Drones",NA,NA
"177","Drones","Quantum Vector","Destroyed","Ukraine",NA,2023-11-17,"Kherson oblast","https://i.postimg.cc/XNsn1Yg9/2004-Quantum-Vector-destr-17-11-23.jpg","https://t.me/lost_warinua/56838",NA,NA,"Ukraine","Drones",NA,NA
"178","Engineering","IMR-2(M) combat engineering vehicle","Damaged","Ukraine",NA,2023-11-07,"Ivanivka","https://i.postimg.cc/50NXfQg2/2008-imr2-destr-07-11-23.jpg","https://t.me/lost_warinua/56226",NA,NA,"Ukraine","Engineering",NA,NA
"179","Engineering","PTS-2","Damaged","Ukraine",NA,2023-11-18,"Kherson raion",NA,NA,"Loitering",NA,"Ukraine","Engineering",NA,NA
"180","Engineering","M58 MICLIC mine clearing system","Destroyed","Ukraine",NA,2024-01-17,"Kherson oblast",NA,"https://t.me/lost_warinua/62789?single",NA,"Shattered","Ukraine","Engineering",NA,NA
"181","Armoured Fighting Vehicles","LAV ASCV Super Bison","Destroyed","Ukraine",NA,2023-12-28,"Matrosivka","https://i.postimg.cc/jSxKxGn5/2007-LAV-ACSV-TCV-Super-Bison-destr-29-12-23.jpg","https://t.me/lost_warinua/62488","46.919141,33.144308","Loitering","Ukraine","Armor",46.919141,33.144308
"182","Infantry Mobility Vehicles","HMMWV *","Destroyed","Ukraine","Naval Infantry Corps",2023-11-07,"Kherson oblast","https://i.postimg.cc/Bb30wNNt/2018-hmmwv-destr-05-11-23.jpg","https://t.me/lost_warinua/55894",NA,NA,"Ukraine","Infantry Mobility Vehicles",NA,NA
"183","Infantry Mobility Vehicles","UA International M1224 MaxxPro","Destroyed","Ukraine",NA,2024-01-17,"Kherson oblast",NA,"https://t.me/lost_warinua/62789?single",NA,"Turretless","Ukraine","Infantry Mobility Vehicles",NA,NA
"184","MLRS","122mm BM-21 'Grad'","Destroyed","Ukraine",NA,2023-12-12,"Kherson oblast",NA,"https://t.me/rusich_army/12173",NA,NA,"Ukraine","Artillery",NA,NA
"185","Radars and Jammers","AN/TPQ-36 lightweight counter mortar radar","Damaged","Ukraine",NA,2023-11-07,"Tomaryne","https://i.postimg.cc/brRhXbFg/2019-AN-TPQ-36-dam-07-11-23.jpg","https://t.me/lost_warinua/55860","46.865806,33.259389","Loitering","Ukraine","Radars and Jammers",46.865806,33.259389
"186","Self-propelled artillery","122mm 2S1 'Gvozdika'","Damaged","Ukraine",NA,2024-01-17,"Antonivka",NA,"https://t.me/lost_warinua/62904","46.690650,32.729700","Loitering","Ukraine","Artillery",46.69065,32.7297
"187","Self-propelled artillery","152mm 2S3(M) 'Akatsiya'","Damaged","Ukraine",NA,2023-11-29,"Tiahynka",NA,"46.81254, 33.0309",NA,NA,"Ukraine","Artillery",NA,NA
"188","Self-propelled artillery","155mm M109L","Damaged","Ukraine",NA,2023-11-18,"Tiahynka","https://i.postimg.cc/C1vwTVyw/2023-m109-destr-18-11-23.jpg","https://t.me/lost_warinua/57051","46.84575,33.07825","Loitering","Ukraine","Artillery",46.84575,33.07825
"189","Self-propelled artillery","155mm ShKH Zuzana 2","Damaged","Ukraine",NA,2024-01-11,"Kherson oblast",NA,"https://t.me/rusich_army/12638",NA,NA,"Ukraine","Artillery",NA,NA
"190","Self-propelled artillery","Unknown SPG","Damaged","Ukraine",NA,2023-12-24,"Tiahynka","https://i.postimg.cc/vm1ZnstT/2000-m109-dam-24-12-23.jpg","https://t.me/Dnepro_Rub/1720",NA,"Loitering","Ukraine","Artillery",NA,NA
"191","Self-propelled artillery","122mm 2S1 'Gvozdika'","Destroyed","Ukraine",NA,2024-01-16,"Kherson oblast",NA,"https://t.me/lost_warinua/62734",NA,NA,"Ukraine","Artillery",NA,NA
"192","Self-propelled artillery","122mm 2S1 'Gvozdika'","Destroyed","Ukraine",NA,2024-01-02,"Tiahynka","https://i.postimg.cc/YS1SvCxB/2013-122mm-2-S1-Gvozdika-destr-02-01-24.jpg","https://t.me/lost_warinua/61467",NA,"Turretless,Shattered,Loitering","Ukraine","Artillery",NA,NA
"193","Self-propelled artillery","155mm M109L","Destroyed","Ukraine",NA,2023-12-27,"Tokarivka","https://i.postimg.cc/J4mBD9gG/2016-m109-destr-28-12-23.jpg","https://t.me/lost_warinua/61077","46.80255,32.93815","Loitering","Ukraine","Artillery",46.80255,32.93815
"194","Self-propelled artillery","155mm M109L","Destroyed","Ukraine",NA,2023-12-26,"Kherson oblast","https://i.postimg.cc/vHLRjg0n/2010-m109-destr-26-12-23.jpg","https://t.me/lost_warinua/60718",NA,"Loitering","Ukraine","Artillery",NA,NA
"195","Self-propelled artillery","155mm M109L","Destroyed","Ukraine",NA,2023-11-18,"Tiahynka","https://i.postimg.cc/YSB7LGpB/2000-M109-L-destr-18-11-23.jpg","https://www.tiktok.com/@boridinhennadii/video/7310303415484026117","46.849417,32.991139","Loitering,Turretless","Ukraine","Artillery",46.849417,32.991139
"196","Self-propelled artillery","203mm 2S7(M) 'Pion'/'Malka'","Destroyed","Ukraine","43rd Artillery Brigade",2024-01-03,"Kherson oblast","https://i.postimg.cc/DznWXvfx/2030-2s7-destr-03-01-23.jpg","https://t.me/lost_warinua/61602",NA,"Loitering","Ukraine","Artillery",NA,NA
"197","Tanks","Unknown tank","Damaged","Ukraine",NA,2023-11-30,"Tiahynka",NA,"https://t.me/lost_warinua/58041","46.80583,33.04613",NA,"Ukraine","Armor",46.80583,33.04613
"198","Tanks","T-72AV","Destroyed","Ukraine",NA,2023-10-21,"Kherson raion","https://i.postimg.cc/vmHvsr5d/2018-t72av-destr-21-10-23.jpg","https://t.me/lost_warinua/53758",NA,NA,"Ukraine","Armor",NA,NA
"199","Towed artillery","152mm 2A36 'Giatsint-B' field gun","Damaged","Ukraine",NA,2023-10-23,"Tomaryne","https://i.postimg.cc/brHP6FMF/2014-2-A36-dam-23-10-23.jpg","https://t.me/lost_warinua/54002","46.856556,33.277389","Loitering","Ukraine","Artillery",46.856556,33.277389
"200","Towed artillery","155mm FH-70 howitzer","Damaged","Ukraine",NA,2023-11-29,"Kherson oblast","https://i.postimg.cc/BQVtyR49/2022-155mm-FH-70-dam-29-11-23.jpg","https://t.me/lost_warinua/58344",NA,"Loitering","Ukraine","Artillery",NA,NA
"201","Towed artillery","155mm M777A2 howitzer","Damaged","Ukraine",NA,2024-01-03,"Tiahynka","https://i.postimg.cc/02QrVx97/2003-m777-dam-04-01-24.jpg","https://t.me/lost_warinua/61578","46.790961,32.997051","Loitering","Ukraine","Artillery",46.790961,32.997051
"202","Towed artillery","155mm M777A2 howitzer","Damaged","Ukraine",NA,2023-11-18,"Tiahynka","https://i.postimg.cc/cCr0d5Zw/2024-m777-dam-18-11-23.jpg","https://t.me/lost_warinua/56982","46.835222,33.066056","Loitering","Ukraine","Artillery",46.835222,33.066056
"203","Towed artillery","155mm M777A2 howitzer","Damaged","Ukraine",NA,2023-11-06,"Kherson","https://i.postimg.cc/bYnpwVL6/2006-m777-dam-06-11-23.jpg","https://t.me/lost_warinua/56417","46.699485,32.668201",NA,"Ukraine","Artillery",46.699485,32.668201
"204","Towed artillery","Unknown towed artillery","Damaged","Ukraine",NA,2023-12-25,"Tiahynka",NA,NA,NA,NA,"Ukraine","Artillery",NA,NA
"205","Towed artillery","122mm 2A18 D-30 howitzer","Destroyed","Ukraine",NA,2023-10-22,"Poniativka",NA,"https://t.me/lost_warinua/53926",NA,NA,"Ukraine","Artillery",NA,NA
"206","Towed artillery","155mm M777A2 howitzer","Destroyed","Ukraine","406th Separate Coastal Artillery Brigade",2024-01-03,"Kherson oblast","https://i.postimg.cc/NfzFVV0S/2002-m777-destr-30-11-23.jpg","https://t.me/lost_warinua/61571",NA,NA,"Ukraine","Artillery",NA,NA
"207","Towed artillery","155mm M777A2 howitzer","Destroyed","Ukraine",NA,2023-12-05,"Kherson oblast","https://i.postimg.cc/65kcZPgW/2010-m777-destr-06-12-23.jpg","https://t.me/lost_warinua/58881",NA,NA,"Ukraine","Artillery",NA,NA
"208","Trucks","KrAZ-255B","Damaged","Ukraine",NA,2023-12-05,"Arkhanhelske","https://i.postimg.cc/zfSx8kdJ/2002-kraz255b-dam-05-12-23.jpg","https://t.me/lost_warinua/58585","47.4011935,33.3833474","Loitering","Ukraine","Trucks",47.4011935,33.3833474
"209","Trucks","Bandvagn BvS 10","Destroyed","Ukraine","38th Separate Marine Brigade",2023-12-26,"Pidstepne","https://i.postimg.cc/43v5tzPg/2013-Bv-S-10-destr-26-12-23.jpg","https://t.me/lost_warinua/60755","46.678639,32.828694",NA,"Ukraine","Trucks",46.678639,32.828694
"210","Trucks","KamAZ 6x6","Destroyed","Ukraine",NA,2024-01-17,"Tiahynka",NA,"https://t.me/lost_warinua/62948","46.800444,33.043139","Loitering","Ukraine","Trucks",46.800444,33.043139
"211","Trucks","Unknown truck","Destroyed","Ukraine",NA,2023-11-22,"Tiahynka",NA,"https://t.me/lost_warinua/57813","46.758091,33.059149","Loitering","Ukraine","Trucks",46.758091,33.059149
"212","Trucks","ZiL-131","Destroyed","Ukraine",NA,2023-10-27,"Pravdyne","https://i.postimg.cc/FF6mJvZM/2005-Zi-L-131-destr-27-10-23.jpg","https://t.me/lost_warinua/54509","46.732194,32.213722","Loitering","Ukraine","Trucks",46.732194,32.213722
"213","Vessels","BMK-T towing and motor boat","Damaged","Ukraine",NA,2023-12-24,"Kherson oblast","https://i.postimg.cc/Bn7vt6DR/2002-BMK-460-motor-boat-dam-24-12-23.jpg","https://t.me/lost_warinua/60590",NA,"Loitering","Ukraine","Vessels",NA,NA
